taxon,12S,16S,ACO1,AK,ALDOB,ATP6,BDNF,CALB1,CHD1Z,CLTC68,CMOS,CMYC,COX1,COX2,COX3,CRYAA,CYP19A1,CYTB,EEF2,EGR1,FGB45,FGB6,FGB67,GH1,HMGN2,HOXA3,IRBP,IRF1,IRF2,LDH,MB2,MC1R,MHCIIB,MUSK,NAT15,ND2,ND6,NTF3,ODC,PARK7,PCBD1,PEPCK,PER2,RAG1,RAG2,RAPGEF,RHO,SPIND,TGFB2,TPM1,VIM,total,ngenes,species,genus,family,order
Colibri_coruscans,NA,NA,NA,NA,2032,NA,687,NA,NA,1523,NA,1262,694,NA,NA,1147,503,912,1648,1185,NA,NA,1067,NA,NA,NA,NA,NA,580,NA,714,NA,NA,662,NA,1040,NA,726,614,NA,937,NA,NA,2619,1147,893,NA,NA,571,460,NA,24513,23,Colibri_coruscans,Colibri,Trochilidae,Apodiformes
Sylvia_nana,NA,NA,NA,NA,2090,NA,688,NA,NA,1497,606,1255,694,684,NA,1188,NA,1141,1823,1181,663,566,874,1311,NA,NA,NA,NA,605,NA,717,NA,NA,634,NA,NA,NA,728,NA,NA,965,NA,NA,2866,1151,NA,NA,NA,565,467,NA,24959,24,Sylvia_nana,Sylvia,Sylviidae,Passeriformes
Crax_alector,NA,NA,1128,NA,2051,1056,687,576,NA,NA,NA,1231,1490,NA,NA,1208,486,1002,1690,NA,640,610,1538,1328,NA,NA,NA,933,639,NA,709,859,NA,652,899,1076,NA,708,NA,723,992,NA,NA,NA,NA,736,NA,918,606,462,NA,27633,29,Crax_alector,Crax,Cracidae,Galliformes
Notiomystis_cincta,904,NA,NA,NA,NA,NA,NA,NA,NA,NA,622,NA,648,NA,NA,NA,NA,518,NA,1152,NA,NA,NA,NA,NA,NA,1073,NA,NA,NA,724,NA,NA,NA,NA,1041,NA,NA,679,NA,NA,621,NA,2872,NA,NA,NA,NA,NA,NA,NA,11643,11,Notiomystis_cincta,Notiomystis,Meliphagidae,Passeriformes
Coereba_flaveola,NA,506,1029,NA,NA,840,NA,NA,490,NA,579,NA,731,NA,NA,NA,NA,1143,NA,NA,NA,560,NA,NA,NA,NA,NA,NA,NA,NA,795,990,NA,600,NA,1035,501,NA,704,NA,NA,NA,NA,2884,NA,NA,863,NA,613,NA,NA,14863,17,Coereba_flaveola,Coereba,Thraupidae,Passeriformes
Fringilla_montifringilla,NA,NA,1017,NA,2055,684,688,NA,NA,1438,606,1262,1249,NA,NA,1155,NA,1140,1823,1200,602,559,1008,1358,NA,566,1074,990,594,NA,718,NA,NA,624,NA,1041,NA,728,679,NA,914,NA,NA,2873,1151,NA,NA,934,585,465,NA,31780,31,Fringilla_montifringilla,Fringilla,Fringillidae,Passeriformes
Acanthisitta_chloris,907,NA,977,NA,1487,NA,677,570,NA,1392,993,1252,779,NA,NA,1039,520,NA,NA,1196,NA,519,1324,1212,NA,NA,1073,NA,630,NA,719,NA,NA,623,NA,1041,NA,646,578,624,935,791,NA,2868,1395,NA,1040,NA,596,NA,496,28899,30,Acanthisitta_chloris,Acanthisitta,Acanthisittidae,Passeriformes
Mohoua_albicilla,908,NA,NA,NA,NA,NA,688,NA,NA,NA,622,498,648,NA,NA,NA,NA,999,NA,1152,NA,563,NA,NA,NA,NA,1074,NA,NA,NA,707,NA,NA,NA,NA,1041,NA,NA,607,NA,NA,621,NA,904,NA,NA,NA,NA,NA,466,NA,11498,15,Mohoua_albicilla,Mohoua,Acanthizidae,Passeriformes
Buteo_jamaicensis,1017,2639,1112,542,2063,842,688,NA,NA,1854,NA,1260,944,NA,NA,1201,522,1077,1890,1200,692,591,1523,1362,NA,1574,NA,967,608,NA,723,828,NA,653,836,1041,519,728,NA,661,1045,695,671,2870,1147,1359,NA,961,588,462,538,45345,40,Buteo_jamaicensis,Buteo,Accipitridae,Accipitriformes
Lophoceros_camurus,NA,NA,NA,NA,2104,NA,688,NA,NA,1585,NA,1247,651,NA,NA,1169,NA,NA,1732,1176,698,519,1490,1313,NA,NA,NA,NA,593,NA,721,NA,NA,641,NA,NA,NA,707,NA,NA,861,NA,NA,2859,1152,NA,978,998,548,461,NA,24891,23,Lophoceros_camurus,Lophoceros,Bucerotidae,Bucerotiformes
Sturnus_vulgaris,1010,876,NA,NA,NA,842,NA,NA,NA,NA,620,480,1551,684,NA,NA,NA,1050,NA,1152,585,567,978,NA,NA,NA,1071,NA,NA,520,708,NA,NA,NA,NA,1088,NA,NA,678,NA,NA,NA,NA,2867,1148,NA,963,NA,557,NA,NA,19995,21,Sturnus_vulgaris,Sturnus,Sturnidae,Passeriformes
Pycnonotus_barbatus,1010,510,NA,NA,NA,NA,NA,NA,NA,NA,603,NA,657,NA,NA,NA,NA,1171,NA,NA,NA,528,889,NA,NA,NA,NA,NA,NA,513,712,NA,NA,NA,NA,1088,NA,NA,704,NA,NA,NA,NA,2868,1150,NA,NA,NA,573,NA,NA,12976,14,Pycnonotus_barbatus,Pycnonotus,Pycnonotidae,Passeriformes
Pseudoseisura_lophotes,NA,NA,924,NA,NA,NA,NA,NA,NA,NA,NA,477,652,684,NA,NA,NA,999,NA,NA,NA,545,826,NA,NA,NA,NA,NA,NA,NA,690,NA,NA,543,NA,1041,NA,NA,557,NA,NA,NA,NA,2870,1152,NA,NA,NA,NA,NA,NA,11960,13,Pseudoseisura_lophotes,Pseudoseisura,Furnariidae,Passeriformes
Rhinocrypta_lanceolata,NA,NA,NA,NA,NA,NA,NA,NA,NA,NA,NA,476,NA,684,NA,NA,NA,999,NA,NA,NA,552,893,NA,NA,NA,NA,NA,NA,NA,703,NA,NA,NA,NA,500,NA,NA,463,NA,NA,NA,NA,2872,1147,NA,NA,NA,NA,NA,NA,9289,10,Rhinocrypta_lanceolata,Rhinocrypta,Rhinocryptidae,Passeriformes
Numida_meleagris,978,605,1083,NA,1806,812,688,510,NA,1839,602,1225,677,NA,NA,1191,NA,1143,1684,1181,608,573,1485,NA,666,1429,NA,912,616,NA,936,1104,NA,642,925,1075,NA,728,NA,686,984,NA,503,NA,NA,1192,891,NA,575,462,NA,34266,35,Numida_meleagris,Numida,Numididae,Galliformes
Dacelo_novaeguineae,NA,NA,1049,NA,2065,NA,686,NA,470,1831,NA,1250,779,NA,NA,1189,NA,522,NA,1208,687,586,1314,1324,NA,1495,NA,652,597,NA,718,NA,NA,NA,NA,1040,NA,705,NA,NA,1007,NA,NA,2868,NA,NA,NA,1001,534,NA,NA,25577,24,Dacelo_novaeguineae,Dacelo,Alcedinidae,Coraciiformes
Garrulax_sannio,NA,525,NA,NA,NA,NA,NA,NA,517,NA,NA,NA,594,NA,NA,NA,NA,1143,NA,1126,NA,584,611,NA,NA,NA,NA,NA,NA,NA,689,NA,NA,529,NA,1041,NA,NA,655,NA,NA,NA,NA,2872,NA,NA,NA,NA,571,NA,NA,11457,13,Garrulax_sannio,Garrulax,Leiothrichidae,Passeriformes
Arenaria_interpres,NA,NA,1039,NA,2114,626,688,NA,NA,1837,NA,1243,900,NA,NA,1163,510,1143,2286,1181,NA,602,1412,1345,NA,1553,NA,957,596,NA,719,NA,NA,636,NA,NA,522,708,NA,NA,1313,NA,NA,2870,NA,NA,NA,982,587,470,NA,30002,27,Arenaria_interpres,Arenaria,Scolopacidae,Charadriiformes
Jacana_jacana,968,1587,973,NA,1872,684,688,NA,NA,1835,947,1232,1551,684,784,1141,NA,1143,2320,1210,666,581,1360,1334,NA,1447,NA,NA,614,NA,719,NA,NA,663,NA,1041,NA,727,654,NA,1367,NA,NA,2870,1381,NA,NA,986,589,NA,NA,39236,32,Jacana_jacana,Jacana,Jacanidae,Charadriiformes
Ficedula_hypoleuca,NA,507,872,NA,NA,NA,NA,NA,638,NA,NA,480,725,NA,NA,NA,NA,1891,NA,1145,NA,559,NA,611,NA,NA,NA,NA,NA,529,714,856,NA,459,NA,1041,519,NA,698,NA,NA,569,NA,2868,841,NA,841,991,594,488,NA,19436,23,Ficedula_hypoleuca,Ficedula,Muscicapidae,Passeriformes
Podiceps_auritus,NA,2667,1014,NA,2098,NA,686,NA,NA,NA,602,1263,743,NA,NA,1200,453,NA,2331,1207,679,577,1443,1377,NA,1570,NA,964,610,NA,701,NA,NA,657,824,885,NA,728,NA,NA,1073,NA,NA,NA,NA,1330,NA,NA,576,463,505,29226,28,Podiceps_auritus,Podiceps,Podicipedidae,Podicipediformes
Aegithina_tiphia,NA,NA,NA,NA,NA,684,688,NA,NA,NA,605,498,652,NA,NA,1093,NA,1143,NA,1201,NA,560,NA,NA,NA,NA,NA,NA,611,NA,642,NA,NA,590,NA,1041,NA,669,676,NA,638,NA,NA,2869,1141,NA,831,NA,583,NA,NA,17415,20,Aegithina_tiphia,Aegithina,Aegithalidae,Passeriformes
Athene_cunicularia,NA,NA,1047,NA,2104,NA,688,602,650,1853,NA,1249,694,NA,NA,1190,510,1143,1842,1185,NA,564,1472,1346,NA,NA,NA,633,609,682,724,NA,NA,658,NA,1041,NA,728,595,NA,1023,NA,593,1469,NA,NA,NA,NA,588,465,NA,27947,29,Athene_cunicularia,Athene,Strigidae,Strigiformes
Aegotheles_insignis,NA,NA,1089,477,2100,NA,688,566,NA,1526,NA,1261,NA,NA,NA,1196,515,1143,1622,1178,655,584,1525,1336,NA,1376,NA,NA,608,NA,705,NA,NA,633,NA,1041,NA,726,NA,NA,1015,NA,562,2857,1149,1365,NA,NA,580,463,469,31845,30,Aegotheles_insignis,Aegotheles,Aegothelidae,Caprimulgiformes
Alectura_lathami,1024,NA,1125,NA,2051,NA,688,516,NA,1787,NA,1237,652,NA,NA,1181,NA,1416,1980,1196,520,589,1446,1219,710,1451,NA,919,604,NA,693,NA,NA,657,834,1075,NA,728,614,665,797,678,459,1912,NA,NA,NA,899,584,458,NA,37397,34,Alectura_lathami,Alectura,Megapodiidae,Galliformes
Streptoprocne_zonaris,NA,NA,982,NA,2081,NA,687,NA,NA,1542,NA,1265,652,NA,NA,1200,501,1057,NA,1174,665,588,1452,1293,NA,1514,NA,965,608,NA,715,NA,NA,628,NA,1070,NA,728,638,NA,877,NA,NA,2838,1152,NA,NA,NA,558,459,NA,28780,27,Streptoprocne_zonaris,Streptoprocne,Apodidae,Apodiformes
Fratercula_cirrhata,550,1003,NA,NA,NA,NA,NA,NA,645,NA,NA,NA,1088,NA,NA,NA,NA,1045,899,NA,NA,NA,NA,NA,696,NA,NA,NA,NA,NA,NA,NA,NA,NA,NA,1037,522,NA,NA,NA,NA,NA,NA,2727,NA,NA,991,NA,649,NA,NA,11852,12,Fratercula_cirrhata,Fratercula,Alcidae,Charadriiformes
Nectarinia_olivacea,NA,NA,NA,NA,NA,702,600,NA,NA,NA,603,NA,655,NA,NA,NA,NA,1212,NA,1152,NA,497,NA,NA,NA,NA,1074,NA,NA,NA,720,NA,NA,NA,NA,1040,NA,625,667,NA,NA,NA,NA,2857,1146,NA,NA,NA,505,NA,NA,14055,15,Nectarinia_olivacea,Nectarinia,Nectariniidae,Passeriformes
Rollulus_rouloul,973,570,1057,NA,1786,NA,688,623,NA,1718,NA,1216,NA,NA,NA,1187,NA,1140,1673,1202,545,568,1335,NA,648,NA,NA,NA,614,NA,896,817,NA,641,NA,1041,NA,728,NA,NA,853,NA,NA,2876,1138,1261,NA,NA,574,NA,NA,28368,27,Rollulus_rouloul,Rollulus,Phasianidae,Galliformes
Lophotis_ruficrista,NA,NA,1065,NA,2095,NA,685,NA,NA,1872,NA,1262,NA,NA,NA,1200,521,1143,904,1179,713,604,1399,1281,NA,1528,NA,934,605,NA,736,NA,NA,650,NA,NA,NA,727,NA,609,1032,NA,607,NA,NA,1290,NA,669,587,466,NA,26363,27,Lophotis_ruficrista,Lophotis,Otididae,Gruiformes
Cochlearius_cochlearius,NA,NA,1115,NA,2080,NA,688,NA,NA,1863,NA,1257,652,NA,NA,1182,515,1041,1834,1200,635,583,1445,1392,NA,1554,NA,966,613,NA,722,NA,NA,600,820,NA,NA,727,NA,638,1043,NA,606,NA,NA,1361,NA,984,595,467,518,29696,30,Cochlearius_cochlearius,Cochlearius,Ardeidae,Pelecaniformes
Nestor_notabilis,NA,1018,1054,NA,2061,NA,688,581,NA,1829,602,1274,658,NA,NA,1159,NA,922,1992,1187,679,585,1258,1259,NA,1553,NA,795,592,NA,720,NA,NA,651,831,1088,NA,728,NA,NA,1033,NA,557,2667,1152,1239,756,970,619,540,491,35788,35,Nestor_notabilis,Nestor,Psittacidae,Psittaciformes
Agelaius_phoeniceus,NA,455,995,579,NA,NA,NA,NA,487,NA,NA,NA,696,NA,NA,NA,NA,888,NA,NA,NA,528,NA,600,NA,NA,NA,NA,NA,595,697,NA,NA,564,NA,1039,NA,NA,700,NA,NA,NA,NA,2876,NA,NA,NA,NA,622,NA,NA,12321,15,Agelaius_phoeniceus,Agelaius,Icteridae,Passeriformes
Tyrannus_tyrannus,NA,2663,NA,NA,2078,NA,688,578,NA,1374,607,1251,NA,NA,NA,1173,516,NA,1804,1190,694,557,1381,1580,NA,1538,NA,907,591,NA,NA,NA,NA,598,751,NA,NA,724,NA,606,981,NA,503,2865,1151,1454,NA,NA,589,467,469,32328,30,Tyrannus_tyrannus,Tyrannus,Tyrannidae,Passeriformes
Vidua_chalybeata,NA,NA,NA,NA,2064,NA,673,NA,NA,1592,NA,1242,NA,NA,NA,1192,526,1143,1833,1174,NA,567,1483,1351,NA,NA,NA,1019,613,NA,723,NA,NA,625,NA,1002,NA,708,612,NA,973,661,NA,NA,NA,NA,NA,972,598,463,NA,23809,24,Vidua_chalybeata,Vidua,Estrildidae,Passeriformes
Ptilonorhynchus_violaceus,975,NA,NA,NA,NA,1020,NA,NA,NA,NA,607,486,1533,684,783,NA,NA,1143,NA,1158,NA,NA,803,NA,NA,NA,1074,NA,NA,NA,729,NA,NA,NA,NA,1041,NA,NA,677,NA,NA,629,NA,2863,1141,NA,NA,NA,NA,NA,NA,17346,17,Ptilonorhynchus_violaceus,Ptilonorhynchus,Ptilonorhynchidae,Passeriformes
Arremon_brunneinucha,NA,NA,991,NA,NA,800,NA,NA,NA,NA,NA,NA,652,NA,NA,NA,NA,1143,NA,NA,NA,597,984,NA,NA,NA,NA,NA,NA,NA,738,NA,NA,562,NA,1038,NA,NA,NA,NA,NA,NA,NA,2884,NA,NA,NA,NA,464,NA,NA,10853,11,Arremon_brunneinucha,Arremon,Passerellidae,Passeriformes
Oxyura_jamaicensis,NA,NA,1020,NA,2061,NA,688,614,NA,1767,NA,1260,683,NA,NA,NA,478,1045,1854,1183,632,567,1384,1302,NA,NA,NA,915,621,NA,703,NA,NA,743,828,1041,NA,715,NA,NA,960,NA,486,NA,NA,1226,NA,NA,597,469,NA,25842,27,Oxyura_jamaicensis,Oxyura,Anatidae,Anseriformes
Alauda_arvensis,NA,939,NA,NA,NA,NA,NA,NA,NA,NA,599,480,808,NA,NA,NA,NA,1065,NA,1151,NA,553,NA,NA,NA,NA,1074,NA,NA,NA,709,NA,NA,NA,NA,1038,NA,NA,680,NA,NA,NA,NA,2855,1146,NA,NA,NA,NA,NA,NA,13097,13,Alauda_arvensis,Alauda,Alaudidae,Passeriformes
Pomatorhinus_ruficollis,NA,NA,533,NA,NA,NA,NA,NA,518,NA,NA,NA,652,NA,NA,NA,NA,1143,NA,NA,NA,584,604,NA,NA,NA,NA,NA,NA,652,571,818,NA,572,NA,1041,519,NA,625,NA,NA,NA,NA,800,NA,NA,NA,NA,580,NA,NA,10765,15,Pomatorhinus_ruficollis,Pomatorhinus,Timaliidae,Passeriformes
Columba_livia,726,2665,NA,NA,2100,1015,681,NA,656,NA,NA,1268,860,NA,NA,1194,NA,1143,2026,1491,695,574,945,1016,NA,1530,804,913,608,610,742,985,1516,661,NA,1067,NA,728,552,NA,963,NA,NA,2862,1148,NA,NA,747,581,NA,NA,36920,33,Columba_livia,Columba,Columbidae,Columbiformes
Catharus_ustulatus,NA,NA,NA,NA,NA,NA,NA,NA,484,NA,NA,NA,696,NA,NA,NA,NA,1094,NA,1150,NA,564,850,NA,NA,NA,1074,NA,NA,NA,721,NA,NA,NA,NA,1041,NA,NA,691,NA,NA,614,NA,2864,1146,NA,NA,NA,571,491,NA,14051,15,Catharus_ustulatus,Catharus,Turdidae,Passeriformes
Toxostoma_lecontei,NA,NA,NA,NA,NA,978,635,NA,NA,NA,598,NA,1551,684,NA,NA,NA,1107,NA,NA,NA,525,833,NA,553,NA,NA,NA,NA,NA,740,NA,NA,579,NA,1041,NA,NA,663,NA,NA,NA,NA,NA,NA,NA,930,NA,562,NA,NA,11979,15,Toxostoma_lecontei,Toxostoma,Mimidae,Passeriformes
Hirundo_rustica,NA,466,NA,497,NA,NA,NA,NA,451,NA,NA,480,750,NA,NA,NA,NA,1143,NA,1152,NA,561,987,NA,NA,NA,1074,NA,NA,NA,711,NA,NA,607,NA,1039,NA,NA,690,NA,NA,613,NA,2866,1146,NA,NA,NA,NA,NA,NA,15911,17,Hirundo_rustica,Hirundo,Hirundinidae,Passeriformes
Petroica_multicolor,NA,NA,NA,NA,NA,NA,634,NA,NA,NA,NA,498,NA,NA,NA,1042,NA,NA,1178,1201,NA,564,NA,NA,NA,NA,NA,NA,509,NA,580,NA,NA,NA,NA,949,NA,669,602,NA,757,NA,NA,NA,NA,NA,913,NA,549,468,NA,11113,15,Petroica_multicolor,Petroica,Petroicidae,Passeriformes
Rallus_limicola,536,968,1076,479,2091,NA,688,NA,NA,1589,NA,1243,868,NA,NA,1179,NA,1045,1511,1178,624,NA,1473,1281,NA,NA,NA,953,599,NA,711,NA,NA,NA,NA,NA,NA,726,NA,NA,1001,NA,556,2847,1147,1331,NA,956,NA,NA,NA,28656,26,Rallus_limicola,Rallus,Rallidae,Gruiformes
Ploceus_cucullatus,NA,NA,1006,NA,1496,842,688,NA,NA,1515,607,1252,NA,NA,NA,1157,515,1041,1859,1181,660,562,1491,1379,NA,NA,NA,1014,617,NA,723,NA,NA,624,NA,1041,NA,727,677,NA,988,NA,NA,2876,1147,NA,NA,NA,588,NA,NA,28273,27,Ploceus_cucullatus,Ploceus,Ploceidae,Passeriformes
Phytotoma_rutila,NA,NA,NA,NA,NA,NA,NA,NA,NA,NA,NA,477,693,684,NA,NA,NA,1068,NA,NA,NA,564,845,NA,NA,NA,NA,NA,NA,NA,715,NA,NA,NA,NA,1041,NA,NA,660,NA,NA,NA,NA,2867,1151,NA,NA,NA,NA,NA,NA,10765,11,Phytotoma_rutila,Phytotoma,Cotingidae,Passeriformes
Megalurus_palustris,NA,NA,NA,NA,NA,NA,NA,NA,NA,NA,NA,NA,695,NA,NA,NA,NA,1143,NA,1149,NA,557,NA,NA,NA,NA,1074,NA,NA,NA,NA,NA,NA,575,NA,1041,NA,NA,697,NA,NA,607,NA,2871,1152,NA,NA,NA,613,NA,NA,12174,12,Megalurus_palustris,Megalurus,Locustellidae,Passeriformes
Malurus_melanocephalus,NA,NA,960,NA,1986,650,688,NA,NA,1479,604,1247,1357,NA,NA,1203,NA,NA,NA,1198,691,548,1422,1248,NA,1325,NA,951,607,603,719,876,NA,576,NA,1026,NA,727,NA,NA,895,727,NA,2859,1144,NA,NA,798,569,467,NA,30150,30,Malurus_melanocephalus,Malurus,Maluridae,Passeriformes
Charadrius_vociferus,1043,1601,1091,NA,2103,684,687,NA,NA,1844,NA,1243,1551,684,784,1208,NA,1143,1865,1181,691,592,1383,1346,NA,NA,NA,NA,608,NA,720,NA,NA,631,NA,1041,NA,727,NA,NA,1029,NA,NA,2871,1152,NA,NA,NA,572,471,NA,32546,29,Charadrius_vociferus,Charadrius,Charadriidae,Charadriiformes
Ciconia_ciconia,NA,NA,1046,NA,2101,684,688,613,495,1876,NA,1262,1536,684,784,1202,526,1143,1873,1161,693,589,1517,1357,NA,1563,NA,1006,611,NA,709,NA,1646,636,828,1078,NA,697,711,641,1047,NA,626,2872,NA,1345,NA,988,587,466,529,40416,39,Ciconia_ciconia,Ciconia,Ciconiidae,Ciconiiformes
Capito_niger,959,NA,1030,NA,2035,NA,688,NA,NA,1694,NA,1243,1506,NA,NA,1158,509,1047,NA,1200,652,577,1118,NA,NA,1538,NA,NA,603,NA,NA,NA,NA,637,785,1040,522,727,NA,591,1230,NA,566,2850,1150,NA,NA,NA,584,NA,NA,28858,27,Capito_niger,Capito,Ramphastidae,Piciformes
Chauna_torquata,1017,NA,1078,NA,2107,NA,686,570,NA,1870,586,1263,687,687,484,1232,523,1284,1903,1200,648,572,1531,1326,NA,NA,NA,644,613,484,724,NA,NA,651,729,1069,NA,708,655,610,1021,676,NA,2881,1152,1328,NA,991,597,464,480,41295,39,Chauna_torquata,Chauna,Anhimidae,Anseriformes
Anhinga_anhinga,NA,NA,1088,NA,2089,696,687,NA,NA,1872,NA,1267,694,NA,NA,1190,511,NA,1869,1181,687,587,1499,1367,NA,1515,NA,922,617,NA,723,NA,NA,658,NA,NA,NA,716,684,NA,1042,NA,NA,2873,1151,NA,NA,1003,587,468,NA,30243,28,Anhinga_anhinga,Anhinga,Anhingidae,Pelecaniformes
Anomalopteryx_didiformis,NA,NA,NA,NA,NA,NA,NA,NA,NA,NA,790,1240,596,NA,NA,1108,NA,NA,1583,NA,NA,NA,NA,NA,NA,NA,NA,NA,489,NA,636,NA,NA,NA,NA,NA,NA,628,NA,NA,NA,NA,NA,NA,1440,NA,NA,NA,597,NA,NA,9107,10,Anomalopteryx_didiformis,Anomalopteryx,Emeidae,Dinornithiformes
Passer_montanus,NA,463,997,NA,2075,NA,688,NA,613,1505,606,1256,750,NA,NA,1188,NA,1143,1866,1181,655,551,1476,1430,NA,685,1073,969,606,NA,721,NA,NA,593,NA,1041,NA,728,657,NA,962,NA,NA,2879,1147,NA,NA,940,601,463,NA,32508,32,Passer_montanus,Passer,Passeridae,Passeriformes
Larus_marinus,548,NA,1038,NA,2056,NA,688,620,NA,1781,NA,1234,740,NA,NA,1174,488,1143,1873,1181,686,597,1410,1354,683,1394,NA,947,614,NA,692,NA,NA,613,788,1035,NA,727,NA,629,1173,NA,640,2868,1152,1334,991,NA,657,468,482,37163,36,Larus_marinus,Larus,Laridae,Charadriiformes
Anseranas_semipalmata,1044,1594,NA,NA,2059,NA,648,NA,NA,1839,993,1258,NA,NA,NA,1095,521,1283,1882,1191,672,584,1549,1290,NA,1464,NA,921,625,643,724,NA,NA,652,NA,NA,NA,717,601,NA,1023,676,NA,2873,1423,NA,NA,990,598,469,NA,37462,31,Anseranas_semipalmata,Anseranas,Anseranatidae,Anseriformes
Parus_major,1015,558,923,451,NA,NA,NA,656,496,NA,609,480,1247,NA,NA,NA,NA,1140,NA,1147,623,561,966,619,NA,NA,NA,NA,NA,475,716,594,NA,595,NA,1088,NA,NA,688,NA,NA,NA,NA,2870,1151,NA,873,1005,578,NA,NA,27515,26,Parus_major,Parus,Paridae,Passeriformes
Motacilla_alba,1008,482,976,NA,NA,NA,NA,NA,461,NA,647,509,750,NA,NA,NA,NA,1143,NA,1152,NA,561,NA,NA,NA,NA,1074,NA,NA,NA,691,NA,NA,NA,724,1088,NA,NA,NA,NA,NA,NA,NA,930,NA,NA,915,NA,574,NA,NA,14363,17,Motacilla_alba,Motacilla,Motacillidae,Passeriformes
Antigone_canadensis,1046,2650,NA,NA,2101,NA,688,565,NA,1131,NA,1247,661,NA,NA,1213,NA,1143,1543,1163,690,584,1377,1340,NA,1525,NA,975,610,NA,720,NA,1631,653,824,NA,NA,728,NA,597,1010,NA,559,2868,1152,1357,974,994,587,468,482,40503,35,Antigone_canadensis,Antigone,Gruidae,Gruiformes
Lepidothrix_coronata,NA,536,1027,NA,1978,NA,688,NA,NA,988,604,1254,882,NA,NA,1189,521,1140,1859,1179,624,545,1377,1632,NA,1577,NA,NA,606,NA,723,810,NA,579,NA,1093,NA,724,667,NA,1007,NA,NA,2872,1152,NA,NA,993,596,465,NA,31887,31,Lepidothrix_coronata,Lepidothrix,Pipridae,Passeriformes
Lyncornis_macrotis,966,NA,557,NA,2097,NA,684,NA,NA,1473,NA,1248,651,NA,NA,1222,494,1143,NA,1180,591,558,NA,1368,NA,1549,NA,912,608,NA,690,NA,NA,659,848,NA,NA,728,NA,658,1002,NA,599,929,1141,1365,NA,NA,575,472,NA,29600,29,Lyncornis_macrotis,Lyncornis,Caprimulgidae,Caprimulgiformes
Trogon_personatus,931,NA,1036,NA,NA,NA,688,580,NA,1411,NA,1230,652,NA,NA,1192,NA,1143,1770,1193,692,NA,1406,963,NA,NA,NA,1026,592,NA,718,NA,NA,634,793,1041,NA,708,NA,587,1003,NA,NA,2871,1151,1339,NA,NA,587,468,469,28874,29,Trogon_personatus,Trogon,Trogonidae,Trogoniformes
Camaroptera_chloronota,NA,NA,NA,NA,NA,633,NA,NA,NA,NA,NA,NA,712,NA,NA,NA,NA,1143,NA,NA,NA,574,NA,NA,NA,NA,NA,NA,NA,496,718,NA,NA,567,NA,1041,NA,NA,704,NA,NA,NA,NA,1895,NA,NA,NA,NA,585,NA,NA,9746,11,Camaroptera_chloronota,Camaroptera,Cisticolidae,Passeriformes
Staphida_castaniceps,NA,523,NA,NA,NA,684,NA,NA,526,NA,NA,NA,651,NA,NA,NA,NA,1143,NA,NA,NA,580,609,NA,NA,NA,NA,NA,NA,NA,608,NA,NA,571,NA,1041,NA,NA,644,NA,NA,NA,NA,NA,NA,NA,NA,NA,580,NA,NA,8160,12,Staphida_castaniceps,Staphida,Zosteropidae,Passeriformes
Oriolus_oriolus,NA,482,NA,NA,NA,NA,688,NA,469,NA,618,498,694,NA,NA,903,NA,1143,NA,1201,NA,548,NA,NA,NA,NA,1074,NA,612,NA,717,NA,NA,NA,NA,1041,NA,667,683,NA,790,617,NA,929,NA,NA,652,NA,585,466,NA,16077,22,Oriolus_oriolus,Oriolus,Corvidae,Passeriformes
Ardenna_grisea,NA,NA,NA,NA,2090,NA,688,NA,NA,1875,601,1259,694,NA,NA,1208,521,1143,1863,1180,683,597,1522,1356,NA,1554,NA,951,609,699,718,NA,NA,651,NA,1041,NA,727,600,NA,1031,NA,NA,1467,NA,NA,1045,993,580,467,NA,30413,30,Ardenna_grisea,Ardenna,Procellariidae,Procellariiformes
Eudyptula_minor,677,1076,1089,470,2113,NA,688,NA,NA,1877,NA,1259,914,NA,NA,1168,451,1143,915,1203,629,573,1472,1368,NA,1490,NA,536,612,453,605,NA,1501,621,851,1041,NA,728,614,663,1082,NA,605,2681,NA,NA,NA,979,591,NA,NA,34738,35,Eudyptula_minor,Eudyptula,Spheniscidae,Sphenisciformes
Apteryx_australis,NA,NA,NA,NA,2181,NA,688,NA,NA,1995,986,1253,802,NA,NA,1275,520,1038,1904,1163,NA,492,1420,1230,NA,1524,NA,969,602,NA,711,NA,NA,668,NA,NA,NA,728,671,NA,1163,NA,NA,2885,1422,NA,NA,935,640,460,NA,30325,27,Apteryx_australis,Apteryx,Apterygidae,Apterygiformes
Aptornis_defossor,673,NA,NA,NA,NA,NA,NA,NA,NA,NA,NA,NA,NA,NA,NA,NA,NA,NA,NA,NA,NA,NA,NA,NA,NA,NA,NA,NA,NA,NA,NA,NA,NA,NA,NA,NA,NA,NA,NA,NA,NA,NA,NA,NA,NA,NA,NA,NA,NA,NA,NA,673,1,Aptornis_defossor,Aptornis,Aptornithidae,Gruiformes
Aramus_guarauna,1045,1601,NA,NA,2104,NA,687,NA,NA,1052,NA,1245,697,NA,NA,1212,NA,1143,1544,1200,681,586,1350,1315,NA,1520,NA,962,598,NA,710,NA,NA,653,816,NA,NA,714,733,630,1008,NA,626,930,NA,1340,NA,988,587,470,523,31270,32,Aramus_guarauna,Aramus,Aramidae,Gruiformes
Terpsiphone_viridis,1011,502,NA,NA,NA,684,NA,NA,NA,NA,603,NA,652,NA,NA,NA,NA,1031,NA,1152,NA,543,NA,NA,NA,NA,1074,NA,NA,NA,720,NA,NA,NA,NA,1090,NA,NA,658,NA,NA,611,NA,1025,NA,NA,NA,NA,576,NA,NA,11932,15,Terpsiphone_viridis,Terpsiphone,Monarchidae,Passeriformes
Vanga_curvirostris,NA,463,NA,NA,NA,NA,NA,NA,NA,NA,607,NA,652,NA,NA,NA,NA,892,NA,NA,NA,559,NA,NA,NA,NA,NA,NA,NA,614,653,NA,NA,NA,NA,1041,NA,NA,583,NA,NA,NA,NA,2853,1152,NA,NA,NA,NA,NA,NA,10069,11,Vanga_curvirostris,Vanga,Vangidae,Passeriformes
Momotus_momota,925,NA,1066,NA,2075,NA,688,572,NA,1841,NA,1248,757,NA,NA,1175,NA,1143,1777,1153,630,585,1365,1301,NA,1526,NA,1026,604,NA,715,NA,NA,648,830,1040,NA,NA,658,NA,985,NA,542,2870,1146,1271,NA,NA,559,NA,473,35869,31,Momotus_momota,Momotus,Momotidae,Coraciiformes
Ptiloris_magnificus,NA,NA,NA,NA,NA,NA,688,NA,467,NA,603,498,NA,NA,NA,1054,NA,879,1253,NA,NA,559,NA,NA,NA,NA,NA,NA,602,NA,710,NA,NA,NA,NA,1021,NA,NA,591,NA,769,NA,NA,2866,1152,NA,NA,NA,580,NA,NA,14292,16,Ptiloris_magnificus,Ptiloris,Paradisaeidae,Passeriformes
Geobiastes_squamiger,NA,NA,1038,NA,2101,NA,688,NA,NA,1815,NA,1245,NA,NA,NA,1199,516,1045,1569,1198,682,582,921,1215,NA,1494,NA,1000,610,NA,613,NA,NA,634,NA,1038,NA,725,NA,NA,991,NA,NA,NA,NA,NA,NA,NA,534,462,NA,23915,24,Geobiastes_squamiger,Geobiastes,Brachypteraciidae,Coraciiformes
Menura_novaehollandiae,NA,NA,942,NA,2060,NA,688,585,487,1532,604,1238,NA,NA,NA,1176,527,972,1381,1200,632,NA,947,1278,NA,1585,1074,949,612,NA,722,NA,NA,601,718,1041,NA,728,671,629,993,619,553,2872,1152,NA,NA,959,565,467,466,34225,36,Menura_novaehollandiae,Menura,Menuridae,Passeriformes
Thinocorus_orbignyianus,1036,1593,1056,NA,1849,NA,687,NA,NA,NA,NA,1246,694,NA,NA,1123,516,1022,1849,1190,NA,600,1118,1346,NA,1542,NA,940,597,NA,721,NA,NA,662,NA,1020,NA,727,NA,NA,NA,NA,NA,2868,NA,NA,NA,990,583,478,NA,28053,26,Thinocorus_orbignyianus,Thinocorus,Thinocoridae,Ciconiiformes
Certhia_familiaris,NA,NA,863,NA,NA,NA,NA,NA,NA,NA,607,480,742,NA,NA,NA,NA,1108,NA,1152,574,562,NA,NA,NA,NA,1074,NA,NA,657,716,NA,NA,522,NA,1041,NA,NA,693,NA,NA,614,NA,2866,1150,NA,859,NA,599,NA,NA,17557,19,Certhia_familiaris,Certhia,Certhiidae,Passeriformes
Balaeniceps_rex,NA,2669,1117,NA,2112,777,688,NA,NA,1811,602,1247,1262,NA,NA,1209,520,1009,1904,1201,691,NA,1417,1437,666,1544,NA,977,609,NA,719,NA,NA,663,NA,1041,NA,728,712,NA,1036,NA,NA,2870,1152,NA,964,996,663,466,NA,37479,33,Balaeniceps_rex,Balaeniceps,Balaenicipitidae,Ciconiiformes
Setophaga_coronata,NA,876,1046,NA,NA,842,NA,NA,486,NA,NA,NA,693,NA,638,NA,NA,1141,NA,NA,NA,551,NA,638,NA,NA,NA,NA,NA,NA,779,NA,NA,595,NA,1041,NA,NA,NA,NA,NA,NA,NA,2872,NA,NA,862,NA,543,NA,NA,14410,15,Setophaga_coronata,Setophaga,Parulidae,Passeriformes
Thamnophilus_nigrocinereus,NA,NA,1038,NA,2061,NA,687,NA,NA,1506,604,1254,NA,NA,NA,1215,522,1045,NA,1185,630,551,1361,1335,NA,1521,NA,927,613,NA,718,NA,NA,573,NA,1046,NA,725,NA,NA,990,NA,NA,2857,1152,NA,NA,NA,599,464,NA,27179,26,Thamnophilus_nigrocinereus,Thamnophilus,Thamnophilidae,Passeriformes
Batrachostomus_septimus,NA,NA,NA,NA,2053,NA,688,NA,NA,1869,NA,1253,NA,NA,NA,1191,492,1143,1750,1201,NA,563,NA,1340,NA,1506,NA,925,NA,686,722,NA,NA,658,NA,NA,NA,727,NA,NA,1062,NA,NA,NA,1151,NA,NA,NA,594,NA,NA,21574,20,Batrachostomus_septimus,Batrachostomus,Batrachostomatidae,Caprimulgiformes
Xanthomixis_zosterops,NA,NA,NA,NA,NA,673,NA,NA,NA,NA,NA,NA,NA,NA,NA,NA,NA,910,NA,NA,NA,561,869,NA,NA,NA,NA,NA,NA,NA,717,NA,NA,NA,NA,1041,NA,NA,659,NA,NA,NA,NA,2871,1145,NA,NA,NA,NA,NA,NA,9446,9,Xanthomixis_zosterops,Xanthomixis,Bernieridae,Passeriformes
Dryocopus_pileatus,973,NA,1028,NA,1261,684,688,NA,NA,1789,NA,1254,1496,NA,NA,1188,NA,1038,1722,1180,NA,578,1386,NA,NA,1512,731,NA,598,NA,692,NA,NA,623,792,1041,NA,NA,NA,621,NA,692,664,NA,NA,NA,NA,967,546,NA,473,26217,27,Dryocopus_pileatus,Dryocopus,Picidae,Piciformes
Dryoscopus_cubla,NA,NA,NA,NA,NA,684,688,NA,NA,NA,601,497,652,NA,NA,1072,NA,NA,NA,1195,NA,558,NA,NA,NA,NA,NA,NA,609,NA,649,NA,NA,NA,NA,1034,NA,668,680,NA,787,NA,NA,2867,1152,NA,936,NA,570,NA,NA,15899,18,Dryoscopus_cubla,Dryoscopus,Malaconotidae,Passeriformes
Bombycilla_garrulus,NA,463,1020,NA,2074,NA,688,NA,NA,1489,607,1251,750,NA,NA,1318,487,1050,1594,1187,611,547,NA,1402,NA,NA,NA,960,602,NA,720,NA,NA,620,NA,1041,NA,728,658,NA,989,NA,NA,2871,1145,NA,NA,938,573,NA,NA,28383,28,Bombycilla_garrulus,Bombycilla,Bombycillidae,Passeriformes
Eudocimus_albus,971,591,1103,NA,2110,NA,688,NA,NA,1841,NA,1256,699,NA,NA,1207,523,1143,1885,1181,686,592,1516,1355,NA,1563,NA,NA,612,NA,709,NA,NA,653,NA,NA,NA,728,NA,NA,1039,NA,NA,NA,NA,NA,NA,1011,588,467,NA,29380,26,Eudocimus_albus,Eudocimus,Threskiornithidae,Pelecaniformes
Galbula_albirostris,NA,NA,1050,NA,2112,NA,688,NA,NA,1872,NA,1254,740,NA,NA,NA,522,974,2218,NA,NA,567,1017,1650,NA,1539,NA,1019,554,NA,716,NA,NA,NA,NA,1041,NA,725,NA,NA,1017,NA,NA,NA,1151,NA,NA,NA,540,462,NA,23428,22,Galbula_albirostris,Galbula,Galbulidae,Galbuliformes
Pogoniulus_bilineatus,NA,NA,1021,NA,NA,832,686,NA,NA,1746,NA,1253,NA,NA,NA,1201,518,1008,NA,NA,NA,NA,1158,NA,NA,1525,NA,NA,603,NA,NA,NA,NA,NA,NA,NA,522,693,NA,NA,1136,NA,NA,NA,NA,NA,NA,NA,NA,NA,NA,13902,14,Pogoniulus_bilineatus,Pogoniulus,Lybiidae,Piciformes
Bucco_macrodactylus,NA,NA,990,NA,1920,NA,688,535,NA,1929,NA,1248,NA,NA,NA,NA,510,NA,2152,1180,677,588,1361,NA,NA,984,NA,864,608,NA,677,NA,NA,619,NA,NA,NA,728,NA,580,768,NA,541,NA,NA,NA,NA,979,551,463,489,22629,25,Bucco_macrodactylus,Bucco,Bucconidae,Galbuliformes
Bucorvus_abyssinicus,NA,NA,1079,NA,2098,NA,688,565,NA,1589,NA,NA,563,NA,NA,1164,483,909,1808,1201,641,552,1382,1231,NA,NA,NA,1026,611,NA,765,NA,NA,647,774,NA,NA,728,NA,NA,834,NA,NA,NA,NA,NA,NA,994,548,NA,484,23364,25,Bucorvus_abyssinicus,Bucorvus,Bucorvidae,Bucerotiformes
Burhinus_bistriatus,1047,1606,1066,NA,2108,NA,687,NA,NA,1876,NA,1231,652,NA,NA,1209,517,NA,1818,1201,683,593,1407,1351,NA,1531,NA,954,613,NA,721,NA,NA,654,NA,NA,NA,728,NA,NA,1028,NA,NA,930,NA,NA,NA,990,591,473,NA,28265,27,Burhinus_bistriatus,Burhinus,Burhinidae,Charadriiformes
Zanda_funerea,NA,NA,NA,NA,NA,NA,NA,NA,NA,NA,603,NA,722,NA,NA,NA,NA,660,NA,1143,NA,NA,NA,NA,NA,NA,NA,NA,NA,NA,NA,NA,NA,NA,NA,1089,NA,NA,NA,NA,NA,NA,NA,2848,1149,NA,751,948,628,529,NA,11070,11,Zanda_funerea,Zanda,Cacatuidae,Psittaciformes
Cuculus_canorus,1015,NA,1081,NA,2123,NA,686,NA,NA,1792,NA,498,740,NA,NA,1091,464,1289,2371,1181,668,583,NA,NA,NA,1538,NA,NA,609,NA,714,NA,NA,599,NA,NA,NA,728,639,NA,1014,654,NA,1914,NA,NA,1028,NA,588,465,NA,28940,26,Cuculus_canorus,Cuculus,Cuculidae,Cuculiformes
Calamonastides_gracilirostris,NA,NA,NA,NA,NA,NA,NA,NA,NA,NA,NA,NA,662,NA,NA,NA,NA,1041,NA,NA,NA,NA,NA,NA,NA,NA,NA,NA,NA,490,688,NA,NA,NA,NA,1075,NA,NA,NA,NA,NA,NA,NA,1914,NA,NA,NA,NA,NA,NA,NA,5870,6,Calamonastides_gracilirostris,Calamonastides,Acrocephalidae,Passeriformes
Callaeas_cinereus,NA,NA,NA,NA,NA,NA,NA,NA,NA,NA,605,477,NA,NA,NA,NA,NA,1014,NA,1152,NA,540,NA,NA,NA,NA,1072,NA,NA,NA,719,NA,NA,NA,NA,1041,NA,NA,682,NA,NA,619,NA,2869,NA,NA,NA,NA,553,NA,NA,11343,12,Callaeas_cinereus,Callaeas,Callaeidae,Passeriformes
Colinus_cristatus,987,NA,NA,NA,NA,NA,688,585,NA,1868,NA,1224,652,NA,NA,1162,514,1016,1523,1200,548,502,1469,NA,NA,NA,NA,931,614,NA,917,NA,NA,641,702,1041,NA,728,NA,NA,949,NA,469,NA,NA,1190,775,NA,584,462,466,25627,28,Colinus_cristatus,Colinus,Odontophoridae,Galliformes
Megalaima_virens,NA,NA,NA,NA,1989,NA,688,NA,NA,1764,NA,1251,NA,NA,NA,1125,NA,1143,NA,1200,665,579,1119,NA,NA,NA,NA,NA,599,NA,723,NA,NA,636,NA,1041,NA,728,NA,NA,NA,NA,NA,1913,NA,NA,NA,NA,NA,465,NA,18247,17,Megalaima_virens,Megalaima,Megalaimidae,Piciformes
Smithornis_rufolateralis,NA,NA,1011,NA,2322,NA,666,586,NA,1527,604,1249,NA,684,NA,1200,516,999,1818,1180,682,536,1439,1663,NA,NA,NA,NA,585,NA,715,NA,NA,614,NA,1041,NA,723,624,595,991,NA,567,2869,1148,1146,NA,NA,577,NA,470,31347,31,Smithornis_rufolateralis,Smithornis,Eurylaimidae,Passeriformes
Coracina_salomonis,NA,NA,NA,NA,NA,NA,688,NA,469,NA,NA,498,NA,NA,NA,875,NA,NA,1263,1201,NA,559,NA,NA,NA,NA,NA,NA,612,NA,703,NA,NA,NA,NA,1041,NA,668,598,NA,NA,NA,NA,NA,NA,NA,NA,NA,583,466,NA,10224,14,Coracina_salomonis,Coracina,Campephagidae,Passeriformes
Deconychura_longicauda,NA,579,NA,NA,NA,NA,NA,NA,NA,NA,NA,NA,771,684,NA,NA,NA,999,NA,1165,NA,552,840,NA,NA,NA,NA,NA,NA,NA,678,NA,NA,NA,NA,1041,NA,NA,557,NA,NA,NA,NA,2866,1152,NA,NA,NA,NA,NA,NA,11884,12,Deconychura_longicauda,Deconychura,Dendrocolaptidae,Passeriformes
Herpetotheres_cachinnans,NA,NA,1075,NA,2100,NA,687,568,NA,1866,NA,1264,652,NA,NA,1203,522,1143,1874,1175,684,587,1414,1375,NA,1473,NA,914,609,NA,711,NA,NA,658,845,NA,NA,726,NA,NA,1040,693,683,2836,NA,927,NA,NA,587,465,519,34203,31,Herpetotheres_cachinnans,Herpetotheres,Falconidae,Falconiformes
Cariama_cristata,861,575,1089,NA,2092,NA,688,571,NA,1867,NA,1246,675,NA,NA,1170,530,NA,1871,1163,679,591,1327,1355,NA,1571,NA,963,613,NA,717,NA,NA,NA,839,NA,NA,727,637,628,1023,NA,581,2870,1152,1367,NA,NA,518,469,489,33514,33,Cariama_cristata,Cariama,Cariamidae,Cariamiformes
Casuarius_bennetti,552,1589,NA,NA,NA,NA,NA,NA,NA,NA,NA,NA,1011,600,NA,NA,NA,1143,NA,NA,NA,NA,NA,NA,NA,NA,NA,NA,NA,NA,NA,NA,NA,NA,NA,NA,NA,NA,NA,NA,NA,NA,NA,NA,NA,NA,NA,NA,NA,NA,NA,4895,5,Casuarius_bennetti,Casuarius,Casuariidae,Casuariiformes
Cathartes_aura,973,NA,1068,NA,2105,NA,687,559,620,1881,NA,1251,944,NA,NA,1194,525,1024,1864,1162,665,578,1525,1355,668,1561,NA,965,612,NA,718,NA,NA,659,NA,1037,NA,727,714,NA,1052,693,664,2872,1151,NA,990,997,647,467,539,40386,37,Cathartes_aura,Cathartes,Cathartidae,Accipitriformes
Centropus_viridis,NA,NA,1016,NA,NA,NA,688,NA,NA,NA,NA,1256,NA,NA,NA,1162,520,NA,1922,NA,604,580,NA,NA,NA,NA,NA,953,604,NA,724,NA,NA,661,NA,NA,NA,728,NA,NA,1023,NA,NA,NA,NA,NA,NA,NA,572,461,NA,13474,16,Centropus_viridis,Centropus,Centropidae,Cuculiformes
Grallaria_varia,NA,NA,998,NA,2064,NA,682,NA,NA,1518,NA,1253,652,NA,NA,1186,NA,NA,1802,1181,646,554,1365,1027,NA,NA,NA,890,610,NA,721,NA,NA,NA,NA,504,NA,709,NA,NA,976,NA,NA,NA,NA,NA,NA,NA,587,467,NA,20392,21,Grallaria_varia,Grallaria,Formicariidae,Passeriformes
Chloroceryle_aenea,NA,NA,1047,NA,2105,675,688,NA,NA,1351,588,1254,795,NA,NA,1179,517,1003,NA,1204,691,556,1152,1282,NA,1508,NA,1057,598,NA,725,NA,NA,645,NA,1040,NA,725,NA,NA,989,NA,NA,2872,NA,NA,NA,NA,554,NA,NA,26800,26,Chloroceryle_aenea,Chloroceryle,Cerylidae,Coraciiformes
Picathartes_gymnocephalus,NA,NA,932,NA,2053,NA,688,NA,NA,1474,607,1253,NA,NA,NA,1239,NA,921,1847,1205,645,564,1366,1299,NA,NA,1074,911,617,NA,721,NA,NA,636,NA,1041,NA,702,654,NA,953,618,NA,2872,1152,NA,NA,NA,575,468,NA,29087,28,Picathartes_gymnocephalus,Picathartes,Picathartidae,Passeriformes
Rhipidura_cockerelli,NA,NA,NA,NA,NA,NA,687,NA,461,NA,603,498,647,NA,NA,1056,NA,1182,942,917,NA,559,NA,NA,NA,NA,NA,NA,602,NA,589,NA,NA,NA,NA,1041,NA,669,664,NA,800,NA,NA,NA,NA,NA,916,NA,519,461,NA,13813,19,Rhipidura_cockerelli,Rhipidura,Rhipiduridae,Passeriformes
Pseudeos_cardinalis,NA,NA,1040,NA,2075,NA,688,NA,NA,1793,603,1252,NA,NA,NA,1139,NA,960,2010,1164,662,573,1265,1235,NA,1543,NA,890,601,NA,722,NA,NA,650,NA,1041,NA,728,NA,NA,NA,NA,NA,1458,NA,NA,750,942,586,529,NA,26899,26,Pseudeos_cardinalis,Pseudeos,Psittaculidae,Psittaciformes
Culicicapa_ceylonensis,NA,504,NA,NA,NA,684,NA,NA,NA,NA,599,NA,1176,NA,NA,NA,NA,1143,NA,NA,NA,560,NA,NA,NA,NA,NA,NA,NA,488,683,NA,NA,579,NA,1041,NA,NA,689,NA,NA,NA,NA,2871,1152,NA,NA,NA,598,NA,NA,12767,14,Culicicapa_ceylonensis,Culicicapa,Stenostiridae,Passeriformes
Chionis_albus,NA,NA,NA,NA,1881,NA,688,NA,NA,1864,NA,1243,NA,NA,NA,1163,519,NA,1751,NA,NA,592,1414,1372,NA,NA,NA,978,610,NA,716,NA,NA,658,NA,NA,NA,727,NA,NA,968,NA,NA,930,NA,NA,NA,NA,592,NA,NA,18666,18,Chionis_albus,Chionis,Chionididae,Charadriiformes
Irena_puella,NA,NA,NA,NA,NA,NA,NA,NA,NA,NA,NA,479,NA,NA,NA,NA,NA,1143,NA,1152,NA,501,NA,NA,NA,NA,1071,NA,NA,677,718,NA,NA,581,NA,1041,NA,NA,685,NA,NA,NA,NA,783,NA,NA,NA,NA,599,NA,NA,10054,12,Irena_puella,Irena,Irenidae,Passeriformes
Psophodes_olivaceus,NA,NA,NA,NA,NA,NA,688,NA,461,NA,570,498,NA,NA,NA,1049,NA,998,850,1201,NA,NA,NA,NA,NA,NA,NA,NA,538,NA,719,NA,NA,NA,NA,1014,NA,662,617,NA,686,NA,NA,904,NA,NA,924,NA,582,NA,NA,12961,17,Psophodes_olivaceus,Psophodes,Cinclosomatidae,Passeriformes
Cinclus_cinclus,NA,508,NA,NA,NA,NA,NA,NA,NA,NA,605,501,742,NA,NA,NA,NA,1095,NA,1147,NA,567,NA,666,NA,NA,NA,NA,NA,NA,721,NA,NA,NA,NA,1087,NA,NA,663,NA,NA,NA,NA,2866,1152,NA,NA,NA,NA,NA,NA,12998,13,Cinclus_cinclus,Cinclus,Cinclidae,Passeriformes
Himantopus_mexicanus,1046,1587,NA,NA,NA,684,NA,NA,NA,NA,NA,NA,1551,684,784,NA,NA,1143,NA,NA,NA,NA,893,NA,NA,NA,NA,NA,NA,NA,NA,NA,NA,NA,NA,1041,NA,NA,NA,NA,NA,NA,NA,2871,NA,NA,NA,NA,NA,NA,NA,14949,10,Himantopus_mexicanus,Himantopus,Recurvirostridae,Charadriiformes
Climacteris_erythrops,NA,NA,1007,NA,2034,NA,688,NA,NA,1481,NA,1233,NA,NA,NA,1222,522,NA,1812,1200,674,567,1355,1250,NA,NA,NA,935,612,NA,704,NA,NA,618,NA,NA,NA,728,NA,NA,944,NA,NA,2872,1143,NA,NA,974,580,NA,NA,25155,23,Climacteris_erythrops,Climacteris,Climacteridae,Passeriformes
Coccyzus_americanus,NA,2679,1035,NA,2105,NA,688,NA,NA,1775,578,1271,738,NA,NA,1200,537,978,NA,NA,689,540,NA,NA,NA,NA,NA,NA,584,677,720,NA,NA,658,NA,1087,NA,727,NA,NA,1035,NA,NA,2871,1100,NA,804,972,610,466,NA,27124,26,Coccyzus_americanus,Coccyzus,Coccyzidae,Cuculiformes
Colius_colius,931,NA,NA,NA,2055,NA,688,592,NA,1750,NA,1259,NA,NA,NA,1199,519,1143,1821,1175,651,564,1511,1274,NA,1564,NA,NA,609,NA,736,NA,NA,640,NA,1092,NA,728,NA,607,1024,NA,547,2869,1152,1244,814,898,625,532,473,33286,32,Colius_colius,Colius,Coliidae,Coliiformes
Conopophaga_aurita,NA,NA,NA,NA,NA,NA,NA,NA,NA,NA,NA,NA,763,684,NA,NA,NA,986,NA,NA,NA,555,879,NA,NA,NA,NA,NA,NA,NA,718,NA,NA,NA,NA,1035,NA,NA,686,NA,NA,NA,NA,NA,NA,NA,NA,NA,NA,NA,NA,6306,8,Conopophaga_aurita,Conopophaga,Conopophagidae,Passeriformes
Coracias_caudatus,922,2665,1053,NA,2082,NA,688,578,NA,1840,604,1249,651,NA,NA,NA,504,1143,1569,1201,NA,572,1434,1289,NA,1518,NA,NA,611,NA,719,NA,NA,602,NA,NA,NA,724,663,622,979,NA,NA,2864,1142,1300,NA,NA,573,456,NA,32817,30,Coracias_caudatus,Coracias,Coraciidae,Coraciiformes
Corcorax_melanorhamphos,NA,NA,NA,NA,NA,NA,688,NA,459,NA,605,498,NA,NA,NA,1032,NA,828,NA,1154,NA,553,NA,NA,NA,NA,1074,NA,NA,NA,720,NA,NA,NA,NA,1041,NA,NA,660,NA,NA,616,NA,2870,1151,NA,NA,NA,580,462,NA,14991,17,Corcorax_melanorhamphos,Corcorax,Corcoracidae,Passeriformes
Lanius_collaris,NA,516,NA,NA,NA,684,688,NA,462,NA,603,498,NA,NA,NA,1023,NA,860,845,1201,NA,576,NA,NA,NA,NA,NA,NA,602,618,693,NA,NA,NA,NA,1036,NA,669,669,NA,696,NA,NA,2871,NA,NA,NA,NA,576,NA,NA,16386,20,Lanius_collaris,Lanius,Laniidae,Passeriformes
Tauraco_erythrolophus,NA,NA,1099,NA,2048,NA,688,604,NA,1862,NA,1251,NA,NA,NA,1213,NA,1021,1860,1157,NA,586,1507,1324,NA,1554,NA,966,613,NA,718,NA,NA,605,845,1041,NA,728,NA,NA,801,NA,544,2867,1152,1324,NA,NA,550,460,518,31506,29,Tauraco_erythrolophus,Tauraco,Musophagidae,Musophagiformes
Gymnorhina_tibicen,NA,463,NA,NA,NA,684,688,NA,NA,NA,606,497,1020,NA,NA,1035,NA,1142,NA,1158,NA,549,NA,NA,NA,NA,1074,NA,NA,NA,718,861,NA,NA,NA,1041,NA,665,682,NA,NA,619,NA,2872,1148,NA,NA,NA,583,NA,NA,18105,20,Gymnorhina_tibicen,Gymnorhina,Artamidae,Passeriformes
Crotophaga_sulcirostris,NA,NA,1113,NA,2104,NA,688,572,NA,1769,NA,NA,694,NA,NA,1164,NA,961,1886,NA,690,546,NA,NA,NA,827,NA,868,610,NA,702,NA,NA,661,781,NA,NA,727,NA,578,1033,NA,563,NA,NA,1374,NA,NA,554,460,492,22417,25,Crotophaga_sulcirostris,Crotophaga,Crotophagidae,Cuculiformes
Eudromia_elegans,1012,NA,1074,NA,2051,NA,688,NA,NA,1535,822,1236,822,NA,NA,1209,NA,1276,1861,NA,616,508,NA,1188,NA,1529,NA,NA,612,NA,706,NA,NA,665,NA,NA,NA,718,NA,NA,NA,623,NA,NA,1436,NA,NA,690,559,462,NA,26746,24,Eudromia_elegans,Eudromia,Tinamidae,Tinamiformes
Glareola_cinerea,NA,NA,1062,NA,1471,NA,687,NA,NA,1864,NA,1254,NA,NA,NA,1151,517,NA,1587,NA,NA,592,1457,1346,NA,1543,NA,913,615,NA,707,NA,NA,653,NA,NA,NA,728,NA,NA,1153,NA,NA,NA,NA,NA,NA,NA,566,NA,NA,19866,19,Glareola_cinerea,Glareola,Glareolidae,Charadriiformes
Cyclarhis_gujanensis,NA,523,966,NA,NA,NA,NA,NA,NA,NA,NA,NA,750,NA,NA,NA,NA,1045,NA,1151,NA,568,NA,NA,NA,NA,1074,NA,NA,550,719,NA,NA,448,NA,1041,NA,NA,648,NA,NA,614,NA,1991,NA,NA,NA,616,NA,NA,NA,12704,15,Cyclarhis_gujanensis,Cyclarhis,Vireonidae,Passeriformes
Dasyornis_broadbenti,977,NA,NA,NA,NA,NA,NA,NA,NA,NA,NA,NA,NA,NA,NA,NA,NA,1044,NA,NA,608,567,NA,NA,NA,NA,NA,NA,NA,NA,NA,NA,NA,NA,NA,1040,NA,NA,NA,NA,NA,NA,NA,1388,1062,NA,NA,NA,NA,NA,NA,6686,7,Dasyornis_broadbenti,Dasyornis,Dasyornithidae,Passeriformes
Dicaeum_australe,NA,NA,NA,NA,NA,NA,NA,NA,NA,NA,NA,490,695,NA,NA,NA,NA,1216,NA,1152,NA,564,NA,NA,NA,NA,1074,NA,NA,NA,717,NA,NA,NA,NA,1041,NA,NA,673,NA,NA,NA,NA,930,NA,NA,NA,NA,517,NA,NA,9069,11,Dicaeum_australe,Dicaeum,Dicaeidae,Passeriformes
Dicrurus_ludwigii,NA,NA,NA,NA,NA,684,688,NA,465,NA,603,498,NA,NA,NA,1056,NA,911,840,1193,NA,564,NA,NA,NA,NA,NA,NA,594,NA,717,NA,NA,NA,NA,1041,NA,669,602,NA,680,NA,NA,NA,NA,NA,920,NA,568,467,NA,13760,19,Dicrurus_ludwigii,Dicrurus,Dicruridae,Passeriformes
Dinornis_novaezealandiae,NA,NA,NA,NA,NA,NA,NA,NA,NA,NA,NA,NA,596,NA,NA,NA,NA,NA,NA,NA,NA,NA,NA,NA,NA,NA,NA,NA,NA,NA,NA,NA,NA,NA,NA,NA,NA,NA,NA,NA,NA,NA,NA,NA,NA,NA,NA,NA,NA,NA,NA,596,1,Dinornis_novaezealandiae,Dinornis,Dinornithidae,Dinornithiformes
Phoebastria_nigripes,973,NA,1058,NA,2065,NA,688,NA,NA,1681,NA,1258,689,NA,NA,NA,526,1143,1889,NA,686,593,1439,1365,NA,NA,NA,833,612,NA,714,NA,570,606,NA,NA,NA,727,720,NA,1034,NA,NA,930,NA,NA,NA,1004,591,NA,NA,27053,25,Phoebastria_nigripes,Phoebastria,Diomedeidae,Procellariiformes
Dromaius_novaehollandiae,553,2634,1082,NA,2185,842,688,612,NA,1978,966,1247,1544,600,NA,1285,505,1143,1877,NA,681,518,1409,1240,NA,1464,NA,949,611,NA,716,NA,887,653,NA,NA,NA,728,NA,769,1111,NA,678,2883,1443,NA,NA,1191,640,464,502,40070,36,Dromaius_novaehollandiae,Dromaius,Dromaiidae,Casuariiformes
Dromas_ardeola,661,NA,NA,NA,NA,NA,688,NA,NA,NA,NA,1243,657,NA,NA,NA,NA,1043,NA,NA,695,563,NA,1333,NA,NA,NA,NA,614,NA,621,NA,NA,604,NA,1041,NA,728,NA,NA,NA,NA,NA,2735,NA,NA,NA,NA,577,NA,NA,13803,15,Dromas_ardeola,Dromas,Dromadidae,Charadriiformes
Geococcyx_californianus,NA,NA,1062,NA,NA,NA,688,NA,NA,1766,NA,1258,664,NA,NA,1195,519,NA,1919,1180,657,552,NA,NA,NA,1507,NA,NA,585,NA,723,NA,NA,662,NA,NA,NA,728,NA,NA,994,NA,NA,NA,NA,NA,NA,NA,584,466,NA,17709,19,Geococcyx_californianus,Geococcyx,Neomorphidae,Cuculiformes
Elachura_formosa,NA,NA,NA,NA,NA,NA,NA,NA,NA,NA,NA,NA,NA,NA,NA,NA,NA,1143,NA,NA,NA,NA,NA,NA,NA,NA,NA,NA,NA,658,693,NA,NA,NA,NA,1041,NA,NA,691,NA,NA,NA,NA,1468,NA,NA,NA,NA,NA,NA,NA,5694,6,Elachura_formosa,Elachura,Elachuridae,Passeriformes
Hydrornis_guajana,NA,NA,990,NA,2000,NA,678,NA,NA,NA,606,1242,NA,684,NA,1198,523,NA,1803,1175,678,544,1456,1648,NA,1562,NA,NA,569,NA,702,NA,NA,NA,NA,NA,NA,692,575,NA,865,NA,NA,2872,1147,NA,NA,848,595,455,NA,26107,25,Hydrornis_guajana,Hydrornis,Pittidae,Passeriformes
Eurostopodus_mystacalis,NA,NA,1074,NA,2119,NA,687,NA,NA,1459,NA,1230,NA,NA,NA,1207,527,1143,936,1198,NA,589,1507,1362,NA,1497,NA,860,600,NA,NA,NA,NA,651,NA,NA,NA,725,NA,NA,1060,NA,NA,NA,NA,NA,NA,887,594,NA,NA,21912,21,Eurostopodus_mystacalis,Eurostopodus,Eurostopodidae,Caprimulgiformes
Eurypyga_helias,869,NA,1004,NA,2095,NA,688,591,NA,NA,NA,1246,652,NA,NA,1215,519,NA,1777,1196,681,580,1543,1022,NA,1445,NA,942,612,NA,719,NA,NA,638,NA,NA,NA,707,658,NA,977,NA,NA,2871,1152,915,NA,1000,585,466,NA,29365,29,Eurypyga_helias,Eurypyga,Eurypygidae,Gruiformes
Fregata_magnificens,NA,2669,1101,NA,2121,794,683,NA,NA,1876,602,1254,1261,NA,NA,1203,525,711,1892,1168,682,582,1512,1392,NA,1560,NA,974,612,NA,722,NA,NA,648,NA,1011,NA,728,656,NA,1027,NA,NA,930,NA,NA,NA,783,599,465,NA,32743,31,Fregata_magnificens,Fregata,Fregatidae,Pelecaniformes
Garritornis_isidorei,NA,NA,NA,NA,NA,NA,NA,NA,NA,NA,607,NA,NA,NA,NA,NA,NA,924,NA,NA,NA,NA,NA,NA,NA,NA,NA,NA,NA,NA,NA,NA,NA,NA,NA,NA,NA,NA,NA,NA,NA,NA,NA,2872,1152,NA,NA,NA,NA,NA,NA,5555,4,Garritornis_isidorei,Garritornis,Pomatostomidae,Passeriformes
Gavia_immer,975,2686,1086,NA,2121,684,688,NA,NA,1875,991,1270,1536,684,784,1209,523,1143,1909,1180,674,NA,1456,1389,671,1549,NA,974,611,NA,626,NA,NA,644,839,1037,NA,728,NA,663,1019,NA,NA,2865,1394,1337,989,981,654,466,514,46092,39,Gavia_immer,Gavia,Gaviidae,Gaviiformes
Pellorneum_ruficeps,NA,517,576,NA,NA,NA,NA,NA,NA,NA,NA,NA,652,NA,NA,NA,NA,1143,NA,NA,NA,582,NA,NA,NA,NA,NA,NA,NA,NA,715,815,NA,573,NA,1041,NA,NA,695,NA,NA,NA,NA,2868,NA,NA,NA,NA,581,NA,NA,10758,12,Pellorneum_ruficeps,Pellorneum,Pellorneidae,Passeriformes
Haematopus_palliatus,1036,1597,969,NA,2085,NA,688,NA,NA,NA,NA,1243,694,NA,NA,1216,NA,NA,1881,1181,690,594,1494,1367,NA,1556,NA,978,611,NA,718,NA,NA,658,NA,NA,NA,728,NA,NA,1035,NA,NA,NA,NA,NA,NA,NA,590,NA,NA,23609,22,Haematopus_palliatus,Haematopus,Haematopodidae,Charadriiformes
Heliornis_fulica,1041,1583,1028,NA,NA,NA,688,NA,NA,1601,NA,1261,645,NA,NA,1202,527,1143,1475,1195,555,NA,1322,1272,NA,NA,NA,917,607,NA,726,NA,NA,649,NA,NA,NA,728,NA,NA,998,NA,NA,2864,1148,NA,NA,964,575,NA,NA,26714,25,Heliornis_fulica,Heliornis,Heliornithidae,Gruiformes
Horornis_diphone,NA,NA,NA,NA,NA,NA,NA,NA,NA,NA,NA,NA,1176,NA,NA,NA,NA,1143,NA,NA,NA,563,NA,NA,NA,NA,NA,NA,NA,NA,702,NA,NA,NA,NA,1041,NA,NA,663,NA,NA,NA,NA,NA,NA,NA,NA,NA,NA,NA,NA,5288,6,Horornis_diphone,Horornis,Scotocercidae,Passeriformes
Hyliota_flavigaster,NA,NA,NA,NA,NA,NA,NA,NA,NA,NA,NA,555,NA,NA,NA,NA,NA,NA,NA,NA,NA,541,NA,NA,NA,NA,NA,NA,NA,NA,697,NA,NA,NA,NA,1040,NA,NA,676,NA,NA,NA,NA,NA,NA,NA,NA,NA,NA,NA,NA,3509,5,Hyliota_flavigaster,Hyliota,Hyliotidae,Passeriformes
Hypocolius_ampelinus,NA,NA,NA,NA,NA,NA,NA,NA,NA,NA,NA,NA,679,NA,NA,NA,NA,NA,NA,NA,NA,NA,NA,NA,NA,NA,NA,NA,NA,NA,NA,NA,NA,NA,NA,882,NA,NA,NA,NA,NA,NA,NA,NA,NA,NA,NA,NA,NA,NA,NA,1561,2,Hypocolius_ampelinus,Hypocolius,Hypocolidae,Passeriformes
Indicator_maculatus,NA,NA,1038,NA,2055,NA,688,NA,NA,1801,604,1255,695,NA,NA,1169,NA,1142,1685,1199,NA,560,1386,NA,NA,1452,801,775,NA,NA,714,NA,NA,631,NA,1041,NA,NA,NA,NA,NA,688,670,NA,NA,NA,NA,NA,586,465,NA,23100,23,Indicator_maculatus,Indicator,Indicatoridae,Piciformes
Leptosomus_discolor,NA,NA,1100,NA,2097,NA,688,588,NA,1498,NA,1257,NA,NA,NA,1180,525,1026,1844,1200,636,575,1380,1362,NA,1556,NA,961,606,NA,723,NA,NA,640,844,1038,NA,714,670,683,1028,NA,609,2868,1152,1343,NA,1008,592,467,NA,34458,33,Leptosomus_discolor,Leptosomus,Leptosomidae,Coraciiformes
Phalacrocorax_carbo,NA,567,NA,NA,2089,755,688,589,653,1847,602,1259,701,NA,NA,1196,517,NA,1871,1201,648,587,940,1365,NA,1568,NA,907,613,NA,740,NA,NA,598,837,NA,NA,728,708,636,1043,NA,585,930,NA,1321,NA,NA,582,NA,513,30384,33,Phalacrocorax_carbo,Phalacrocorax,Phalacrocoracidae,Pelecaniformes
Melanocharis_nigra,NA,NA,NA,NA,NA,NA,688,NA,465,NA,603,498,NA,NA,NA,982,NA,NA,1262,882,NA,565,NA,NA,NA,NA,NA,NA,519,NA,582,NA,NA,NA,NA,NA,NA,669,614,NA,727,NA,NA,2870,1144,NA,NA,NA,579,463,NA,14112,17,Melanocharis_nigra,Melanocharis,Melanocharitidae,Passeriformes
Nyctyornis_amictus,NA,NA,1057,NA,2129,NA,688,NA,NA,1846,NA,1258,652,NA,NA,1195,513,NA,779,1184,NA,579,1419,1306,NA,1520,NA,1006,610,NA,710,NA,NA,600,NA,1041,519,NA,NA,NA,1014,NA,NA,2865,NA,NA,NA,NA,555,NA,NA,25045,23,Nyctyornis_amictus,Nyctyornis,Meropidae,Coraciiformes
Mesitornis_unicolor,1040,1610,986,NA,2054,NA,688,583,NA,1832,NA,1265,NA,NA,NA,1201,506,NA,1716,1180,683,556,1514,1044,NA,1561,NA,877,607,NA,705,NA,NA,642,828,NA,NA,728,662,644,1006,NA,624,2870,1151,1332,NA,NA,570,471,NA,33736,32,Mesitornis_unicolor,Mesitornis,Mesitornithidae,Gruiformes
Moho_nobilis,NA,NA,NA,NA,NA,NA,NA,NA,NA,NA,NA,NA,NA,NA,NA,NA,NA,NA,NA,NA,NA,NA,NA,NA,NA,NA,NA,NA,NA,NA,NA,NA,NA,NA,NA,NA,NA,NA,NA,NA,NA,NA,NA,1502,NA,NA,NA,NA,NA,NA,NA,1502,1,Moho_nobilis,Moho,Mohoidae,Passeriformes
Morus_bassanus,NA,NA,1095,NA,2093,754,688,NA,NA,1838,NA,1258,1536,684,784,NA,515,1037,1882,1201,634,589,1365,1381,NA,1510,NA,936,612,NA,721,NA,NA,659,NA,NA,NA,728,699,NA,1039,NA,NA,930,NA,NA,NA,1003,587,468,NA,29226,29,Morus_bassanus,Morus,Sulidae,Pelecaniformes
Philepitta_castanea,NA,NA,NA,NA,NA,NA,NA,NA,NA,NA,607,477,NA,NA,NA,NA,NA,999,NA,1152,NA,542,NA,NA,NA,NA,1074,NA,NA,NA,718,NA,NA,NA,NA,1041,NA,NA,618,NA,NA,635,NA,2870,1149,NA,NA,NA,NA,NA,NA,11882,12,Philepitta_castanea,Philepitta,Philepittidae,Passeriformes
Nyctibius_grandis,NA,NA,1093,NA,2075,NA,687,581,NA,1784,NA,1257,652,NA,NA,1213,519,1143,911,1177,685,591,1525,1368,NA,1559,NA,943,612,NA,722,NA,NA,613,837,NA,NA,727,NA,662,1023,NA,611,2868,1148,1314,NA,1003,591,464,522,33480,33,Nyctibius_grandis,Nyctibius,Nyctibiidae,Caprimulgiformes
Rostratula_benghalensis,1047,1589,NA,NA,1822,985,688,NA,NA,1822,NA,1235,714,NA,NA,1167,NA,1143,2353,1189,638,592,1110,1349,NA,1553,NA,929,NA,NA,698,NA,NA,650,NA,995,NA,728,NA,NA,1315,NA,NA,2866,NA,NA,NA,821,586,471,NA,31055,27,Rostratula_benghalensis,Rostratula,Rostratulidae,Charadriiformes
Opisthocomus_hoazin,1009,2674,1114,NA,2034,684,687,612,NA,1878,648,1258,1449,684,783,1193,524,1288,1862,1183,691,579,1522,1353,NA,1437,NA,977,605,NA,714,NA,NA,659,852,550,NA,728,646,657,1049,694,NA,2865,1152,1355,1064,1004,589,461,520,44287,42,Opisthocomus_hoazin,Opisthocomus,Opisthocomidae,Opisthocomiformes
Oreocharis_arfaki,NA,NA,NA,NA,NA,NA,688,NA,NA,NA,604,498,NA,NA,NA,NA,NA,NA,1259,1201,NA,NA,NA,NA,NA,NA,NA,NA,NA,NA,708,NA,NA,NA,NA,NA,NA,669,640,NA,784,NA,NA,NA,NA,NA,NA,NA,568,NA,NA,7619,10,Oreocharis_arfaki,Oreocharis,Paramythiidae,Passeriformes
Orthonyx_temminckii,NA,NA,NA,NA,NA,NA,NA,NA,458,NA,599,498,NA,NA,NA,1010,NA,916,NA,1149,NA,570,NA,NA,NA,NA,1074,NA,NA,NA,720,NA,NA,NA,NA,1041,NA,669,662,NA,NA,616,NA,2869,1152,NA,NA,NA,580,468,NA,15051,17,Orthonyx_temminckii,Orthonyx,Orthonychidae,Passeriformes
Pandion_haliaetus,973,NA,1081,NA,2085,NA,675,NA,NA,1834,NA,1258,944,NA,NA,1199,473,1143,1895,1172,502,590,1509,1367,660,1533,NA,963,612,NA,671,NA,1309,661,NA,1041,NA,728,712,NA,996,693,671,2870,1152,NA,990,944,661,455,531,39873,36,Pandion_haliaetus,Pandion,Pandionidae,Accipitriformes
Pardalotus_striatus,981,NA,NA,NA,NA,NA,NA,NA,NA,NA,602,NA,1020,NA,NA,NA,NA,1143,NA,NA,NA,567,NA,NA,NA,NA,NA,NA,711,NA,850,NA,NA,694,NA,1040,NA,NA,NA,NA,NA,NA,NA,2865,1147,NA,NA,NA,NA,NA,537,12157,12,Pardalotus_striatus,Pardalotus,Pardalotidae,Passeriformes
Pedionomus_torquatus,1039,1584,1033,NA,1845,684,688,NA,NA,1835,NA,1245,1551,684,784,1109,NA,1143,1854,1210,NA,591,1696,1281,NA,NA,NA,913,607,NA,720,NA,NA,662,NA,1041,NA,709,NA,NA,1198,NA,NA,2867,NA,NA,NA,963,575,473,NA,32584,29,Pedionomus_torquatus,Pedionomus,Pedionomidae,Charadriiformes
Pelecanoides_urinatrix,NA,NA,NA,NA,2082,NA,687,NA,NA,1852,NA,1255,774,NA,NA,1208,521,1143,1860,1200,628,586,1015,1360,NA,NA,NA,853,608,NA,720,NA,NA,NA,NA,NA,NA,726,658,NA,1029,NA,NA,928,NA,NA,NA,979,579,NA,NA,23251,23,Pelecanoides_urinatrix,Pelecanoides,Pelecanoididae,Procellariiformes
Pelecanus_occidentalis,NA,2696,1115,NA,2116,786,688,604,NA,1852,601,1255,1536,684,784,1206,NA,921,1900,1188,668,590,999,1399,NA,1509,NA,NA,610,NA,721,NA,NA,659,NA,957,NA,728,NA,653,1051,NA,622,NA,NA,1365,NA,1004,590,468,504,35029,34,Pelecanus_occidentalis,Pelecanus,Pelecanidae,Pelecaniformes
Pezophaps_solitaria,NA,NA,NA,NA,NA,NA,NA,NA,NA,NA,NA,NA,NA,NA,NA,NA,NA,1052,NA,NA,NA,NA,NA,NA,NA,NA,NA,NA,NA,NA,NA,NA,NA,NA,NA,NA,NA,NA,NA,NA,NA,NA,NA,NA,NA,NA,NA,NA,NA,NA,NA,1052,1,Pezophaps_solitaria,Pezophaps,Raphidae,Columbiformes
Phaethon_lepturus,NA,NA,1104,NA,2053,573,688,NA,NA,1857,NA,1232,617,NA,NA,1175,516,1143,1888,1176,683,593,1461,1277,NA,NA,NA,978,613,NA,720,NA,NA,657,NA,NA,NA,717,NA,NA,991,NA,617,2867,1149,1333,NA,985,579,451,520,31213,30,Phaethon_lepturus,Phaethon,Phaethontidae,Pelecaniformes
Prionops_retzii,NA,NA,NA,NA,NA,684,630,NA,NA,NA,603,498,NA,NA,NA,1033,NA,NA,NA,1200,NA,576,NA,NA,NA,NA,NA,NA,606,NA,652,NA,NA,NA,NA,1033,NA,669,545,NA,784,NA,NA,1023,NA,NA,932,NA,566,467,NA,12501,17,Prionops_retzii,Prionops,Prionopidae,Passeriformes
Tyto_alba,969,483,1050,NA,2118,684,686,NA,NA,1859,NA,1242,708,NA,NA,1210,516,1141,1864,1194,692,695,1514,1383,NA,NA,NA,570,611,NA,711,1537,1493,659,NA,1041,NA,728,662,NA,1017,NA,589,2848,1152,1340,1029,998,590,466,NA,40673,36,Tyto_alba,Tyto,Tytonidae,Strigiformes
Phoenicopterus_chilensis,NA,NA,1052,NA,2095,NA,687,608,NA,1878,NA,1254,694,NA,NA,1205,525,1010,1822,1180,685,577,1455,1372,NA,1562,NA,960,610,NA,717,NA,473,620,827,NA,NA,718,717,NA,1090,NA,NA,929,NA,1329,NA,981,590,465,522,31209,32,Phoenicopterus_chilensis,Phoenicopterus,Phoenicopteridae,Phoenicopteriformes
Phoeniculus_purpureus,952,NA,1040,NA,NA,NA,687,574,NA,1236,NA,1206,NA,NA,NA,1123,544,1020,1730,613,645,664,NA,NA,NA,1399,NA,NA,NA,NA,NA,NA,NA,644,644,NA,NA,728,NA,NA,1017,NA,NA,2864,1148,1000,NA,937,595,462,486,23958,25,Phoeniculus_purpureus,Phoeniculus,Phoeniculidae,Upupiformes
Phylloscopus_griseolus,895,667,NA,NA,NA,684,NA,NA,NA,NA,NA,NA,1551,684,784,NA,NA,1143,NA,NA,NA,NA,NA,NA,NA,NA,NA,NA,NA,NA,686,NA,NA,NA,NA,1041,519,NA,651,NA,NA,NA,NA,1468,NA,NA,NA,NA,NA,NA,NA,10773,12,Phylloscopus_griseolus,Phylloscopus,Phylloscopidae,Passeriformes
Podargus_strigoides,972,NA,902,549,2066,1015,688,NA,NA,1861,NA,1269,652,NA,NA,1189,517,1143,1848,1201,693,587,782,1348,NA,1506,804,960,NA,NA,722,NA,NA,654,NA,1041,NA,728,652,NA,1040,NA,NA,2859,1140,NA,NA,1002,584,NA,NA,33858,31,Podargus_strigoides,Podargus,Podargidae,Caprimulgiformes
Psophia_crepitans,1051,1610,NA,NA,2114,NA,688,NA,NA,1124,NA,1258,652,NA,NA,1203,NA,1143,1540,1200,NA,NA,1522,1306,NA,1514,NA,963,611,NA,721,NA,1780,653,NA,NA,NA,708,NA,NA,1025,NA,NA,2868,1152,NA,NA,NA,582,466,NA,29454,25,Psophia_crepitans,Psophia,Psophiidae,Gruiformes
Syrrhaptes_paradoxus,1045,1591,1092,NA,2084,NA,688,NA,NA,1839,NA,1241,694,NA,NA,1146,NA,NA,1776,1198,663,607,1395,1296,NA,1555,NA,963,617,NA,715,NA,NA,576,800,NA,NA,725,NA,641,1031,NA,600,NA,NA,1143,NA,991,587,470,NA,29769,29,Syrrhaptes_paradoxus,Syrrhaptes,Pteroclidae,Ciconiiformes
Rhabdornis_inornatus,NA,NA,NA,NA,NA,842,NA,NA,NA,NA,NA,NA,1551,684,NA,NA,NA,NA,NA,NA,NA,527,865,NA,NA,NA,NA,NA,NA,NA,724,NA,NA,NA,NA,1041,NA,NA,NA,NA,NA,NA,NA,2872,NA,NA,979,NA,561,NA,NA,10646,10,Rhabdornis_inornatus,Rhabdornis,Rhabdornithidae,Passeriformes
Rhea_americana,963,2613,1059,NA,2175,NA,688,617,NA,1860,987,1227,910,NA,NA,1237,NA,924,1907,NA,660,515,1504,1237,NA,NA,NA,916,617,NA,720,NA,NA,658,NA,NA,NA,728,668,705,1141,NA,633,2884,1424,NA,NA,1189,640,464,503,34973,32,Rhea_americana,Rhea,Rheidae,Rheiformes
Rhinopomastus_cyanomelas,NA,NA,NA,NA,2066,NA,686,NA,NA,1232,NA,498,NA,NA,NA,1059,NA,NA,NA,NA,653,NA,NA,NA,NA,NA,NA,NA,593,NA,NA,NA,NA,639,NA,NA,NA,694,631,NA,976,NA,NA,926,NA,NA,NA,881,593,NA,NA,12127,14,Rhinopomastus_cyanomelas,Rhinopomastus,Rhinopomastidae,Upupiformes
Rhynochetos_jubatus,NA,NA,580,NA,2100,NA,688,NA,NA,1758,NA,1260,NA,NA,NA,1202,NA,NA,1804,1178,NA,582,1241,1353,NA,NA,NA,916,603,NA,718,NA,NA,641,NA,NA,NA,728,660,648,981,NA,623,2868,1150,NA,NA,NA,587,468,NA,25337,24,Rhynochetos_jubatus,Rhynochetos,Rhynochetidae,Gruiformes
Sagittarius_serpentarius,971,NA,1050,535,2014,NA,687,608,NA,1829,NA,1255,507,NA,NA,1142,526,1129,1884,1201,NA,596,1358,1339,677,1528,NA,953,611,551,723,NA,NA,659,827,1039,NA,728,669,688,1030,NA,NA,2872,1152,1375,992,996,659,NA,523,40578,37,Sagittarius_serpentarius,Sagittarius,Sagittariidae,Accipitriformes
Scopus_umbretta,976,2677,1092,NA,2107,NA,687,NA,NA,1878,602,1327,NA,NA,NA,1209,525,1019,1881,NA,NA,588,NA,1408,651,1521,NA,987,606,NA,713,NA,NA,NA,NA,1032,NA,728,712,NA,1048,NA,NA,930,NA,NA,1004,NA,658,461,NA,31640,27,Scopus_umbretta,Scopus,Scopidae,Ciconiiformes
Sitta_europaea,NA,494,NA,506,NA,NA,NA,NA,NA,NA,NA,480,742,NA,NA,NA,NA,1143,NA,1141,NA,568,NA,NA,NA,NA,NA,NA,NA,515,719,655,NA,NA,NA,1041,NA,NA,681,NA,NA,NA,NA,929,NA,NA,847,NA,490,NA,NA,11629,15,Sitta_europaea,Sitta,Sittidae,Passeriformes
Steatornis_caripensis,971,NA,NA,469,NA,NA,688,576,NA,1751,NA,1252,NA,NA,NA,1183,525,1143,1848,1198,693,NA,1466,1331,NA,1545,NA,964,610,NA,729,NA,NA,659,843,1041,NA,728,662,612,1043,NA,548,2872,1152,1307,NA,988,611,465,470,36449,33,Steatornis_caripensis,Steatornis,Steatornithidae,Caprimulgiformes
Stercorarius_skua,981,1597,NA,NA,NA,684,NA,NA,NA,NA,NA,NA,1551,684,784,NA,NA,1143,NA,NA,NA,NA,909,NA,NA,NA,NA,NA,NA,NA,768,1131,NA,NA,NA,1041,NA,NA,NA,NA,NA,NA,NA,2871,NA,NA,NA,NA,NA,NA,NA,16826,12,Stercorarius_skua,Stercorarius,Stercorariidae,Charadriiformes
Struthio_camelus,714,2612,1097,NA,2169,842,688,622,NA,1930,993,1244,1011,600,NA,NA,NA,1143,1814,NA,681,471,1399,1257,NA,NA,NA,NA,607,NA,703,NA,1176,644,NA,1041,NA,726,708,705,1188,693,685,2886,1446,NA,NA,1141,637,461,502,37236,35,Struthio_camelus,Struthio,Struthionidae,Struthioniformes
Todus_angustirostris,NA,NA,1057,NA,2110,675,688,NA,NA,1191,579,1270,NA,NA,NA,1141,NA,1079,1202,1200,571,592,1391,1442,NA,1503,NA,1054,607,NA,720,NA,NA,656,NA,1041,NA,725,NA,NA,990,NA,NA,2863,1145,NA,NA,971,563,NA,NA,29026,27,Todus_angustirostris,Todus,Todidae,Coraciiformes
Turnix_varia,1041,1587,NA,NA,NA,684,NA,NA,NA,NA,645,NA,1444,684,783,NA,NA,1070,NA,NA,NA,NA,872,NA,NA,NA,NA,NA,NA,NA,686,NA,NA,NA,NA,NA,NA,NA,NA,NA,NA,NA,NA,930,NA,NA,NA,NA,NA,NA,NA,10426,11,Turnix_varia,Turnix,Turnicidae,Charadriiformes
Upupa_epops,924,2646,988,NA,1992,NA,687,533,NA,1242,NA,1219,697,NA,NA,NA,NA,1143,1714,1176,570,559,NA,NA,NA,NA,NA,NA,605,NA,673,NA,NA,622,708,NA,NA,728,630,NA,NA,NA,541,2855,1145,NA,NA,757,591,NA,NA,25945,25,Upupa_epops,Upupa,Upupidae,Upupiformes
