Genus,Mono,N.obs,N.exp
Abeillia,TRUE,1,1
Abroscopus,TRUE,5,5
Aburria,TRUE,1,1
Acanthagenys,TRUE,1,1
Acanthidops,TRUE,1,1
Acanthis,TRUE,7,7
Acanthisitta,TRUE,1,1
Acanthiza,FALSE,14,13
Acanthorhynchus,TRUE,2,2
Acanthornis,TRUE,1,1
Accipiter,FALSE,187,60
Aceros,FALSE,18,6
Achaetops,TRUE,1,1
Acridotheres,FALSE,10,9
Acritillas,TRUE,1,1
Acrobatornis,TRUE,1,1
Acrocephalus,FALSE,197,81
Acropternis,TRUE,1,1
Acryllium,TRUE,1,1
Actenoides,TRUE,4,4
Actinodura,FALSE,25,8
Actitis,TRUE,2,2
Actophilornis,TRUE,1,1
Adelomyia,TRUE,1,1
Adelura,TRUE,1,1
Aechmophorus,TRUE,2,2
Aegithalos,FALSE,11,7
Aegithina,TRUE,3,3
Aegolius,TRUE,5,5
Aegotheles,TRUE,3,3
Aegypius,TRUE,1,1
Aepypodius,TRUE,2,2
Aerodramus,FALSE,18,16
Aeronautes,TRUE,2,2
Aethia,TRUE,4,4
Aethomyias,FALSE,6,4
Aethopyga,TRUE,15,15
Afropavo,TRUE,1,1
Afrotis,FALSE,9,2
Agamia,TRUE,1,1
Agapornis,TRUE,7,7
Agelaioides,TRUE,1,1
Agelaius,FALSE,55,11
Agelastes,FALSE,5,2
Agelasticus,FALSE,4,3
Aglaeactis,TRUE,3,3
Aglaiocercus,TRUE,2,2
Agriornis,TRUE,6,6
Aidemosyne,TRUE,1,1
Ailuroedus,TRUE,21,21
Aimophila,FALSE,160,11
Aix,TRUE,2,2
Alaemon,TRUE,1,1
Alauda,TRUE,5,5
Alaudala,FALSE,8,5
Alca,TRUE,1,1
Alcedo,FALSE,37,6
Alcippe,FALSE,601,29
Aleadryas,TRUE,5,5
Alectoris,TRUE,14,14
Alectroenas,FALSE,41,3
Alectrurus,FALSE,3,2
Alectura,TRUE,1,1
Alethe,FALSE,379,5
Alipiopsitta,TRUE,1,1
Alisterus,TRUE,4,4
Alle,TRUE,3,3
Allenia,TRUE,1,1
Alopecoenas,TRUE,1,1
Alophoixus,FALSE,60,11
Alopochelidon,TRUE,1,1
Alopochen,TRUE,1,1
Amadina,TRUE,2,2
Amalocichla,TRUE,4,4
Amandava,TRUE,3,3
Amaurolimnas,TRUE,1,1
Amaurornis,FALSE,101,4
Amaurospiza,FALSE,414,2
Amazilia,FALSE,43,30
Amazona,FALSE,398,18
Amazonetta,TRUE,1,1
Amblycercus,TRUE,3,3
Amblyornis,FALSE,7,5
Amblyospiza,TRUE,2,2
Amblyramphus,TRUE,1,1
Ammodramus,FALSE,147,7
Ammomanes,FALSE,8,4
Ammomanopsis,TRUE,1,1
Ammoperdix,TRUE,1,1
Ammospiza,TRUE,1,1
Ampeliceps,TRUE,1,1
Ampelioides,TRUE,1,1
Ampelion,TRUE,2,2
Amphilais,TRUE,1,1
Amphispiza,FALSE,3,2
Amytornis,TRUE,28,28
Anabacerthia,FALSE,4,3
Anabathmis,FALSE,75,3
Anabazenops,TRUE,2,2
Anairetes,FALSE,17,16
Anaplectes,TRUE,1,1
Anarhynchus,TRUE,1,1
Anas,FALSE,40,23
Anastomus,TRUE,1,1
Ancistrops,TRUE,1,1
Andigena,TRUE,6,6
Androdon,TRUE,1,1
Andropadus,FALSE,61,3
Anhima,TRUE,1,1
Anhinga,TRUE,6,6
Anisognathus,TRUE,6,6
Anodorhynchus,TRUE,2,2
Anomalopteryx,TRUE,1,1
Anomalospiza,TRUE,3,3
Anopetia,TRUE,1,1
Anorrhinus,FALSE,28,3
Anous,TRUE,4,4
Anser,TRUE,6,6
Anseranas,TRUE,1,1
Anthipes,TRUE,2,2
Anthobaphes,TRUE,1,1
Anthocephala,TRUE,1,1
Anthochaera,TRUE,5,5
Anthornis,TRUE,1,1
Anthoscopus,FALSE,1614,3
Anthracoceros,FALSE,8,6
Anthracothorax,FALSE,9,7
Anthreptes,FALSE,103,11
Anthus,FALSE,52,48
Antigone,FALSE,19,12
Antilophia,TRUE,2,2
Antrostomus,TRUE,8,8
Anumbius,TRUE,1,1
Anurolimnas,TRUE,1,1
Apalharpactes,TRUE,1,1
Apalis,TRUE,15,15
Apaloderma,TRUE,3,3
Apalopteron,TRUE,1,1
Aphanotriccus,TRUE,2,2
Aphantochroa,TRUE,1,1
Aphelocephala,TRUE,2,2
Aphelocoma,TRUE,28,28
Aphrastura,TRUE,5,5
Aphriza,TRUE,1,1
Aphrodroma,TRUE,1,1
Aplonis,TRUE,10,10
Aplopelia,TRUE,1,1
Aprosmictus,TRUE,2,2
Aptenodytes,TRUE,2,2
Apteryx,TRUE,7,7
Apus,TRUE,17,17
Aquila,FALSE,21,5
Ara,TRUE,5,5
Arachnothera,FALSE,121,15
Aramides,TRUE,4,4
Aramus,TRUE,1,1
Aratinga,TRUE,6,6
Arborophila,TRUE,11,11
Arcanator,TRUE,1,1
Archboldia,TRUE,2,2
Archilochus,TRUE,2,2
Ardea,TRUE,11,11
Ardenna,TRUE,6,6
Ardeola,TRUE,2,2
Ardeotis,TRUE,2,2
Arenaria,TRUE,2,2
Argusianus,TRUE,2,2
Argya,FALSE,24,16
Arizelocichla,FALSE,20,10
Arremon,FALSE,15,14
Arremonops,TRUE,3,3
Arses,TRUE,7,7
Artamella,TRUE,1,1
Artamus,TRUE,7,7
Artemisiospiza,TRUE,2,2
Artisornis,TRUE,3,3
Arundinax,TRUE,1,1
Arundinicola,TRUE,1,1
Asarcornis,TRUE,1,1
Asemospiza,TRUE,1,1
Ashbyia,TRUE,1,1
Asio,FALSE,9,8
Aspatha,TRUE,1,1
Asthenes,FALSE,27,21
Astrapia,TRUE,5,5
Atalotriccus,TRUE,1,1
Atelornis,TRUE,2,2
Athene,FALSE,11,10
Atimastillas,TRUE,1,1
Atlantisia,TRUE,1,1
Atlapetes,FALSE,48,27
Atrichornis,TRUE,1,1
Attagis,TRUE,2,2
Atthis,TRUE,2,2
Atticora,FALSE,9,2
Attila,TRUE,7,7
Augastes,TRUE,2,2
Aulacorhynchus,TRUE,7,7
Auriparus,TRUE,1,1
Automolus,FALSE,30,15
Aviceda,FALSE,9,2
Avocettula,TRUE,1,1
Aythya,TRUE,10,10
Baeolophus,TRUE,5,5
Baeopogon,TRUE,2,2
Baillonius,TRUE,1,1
Balaeniceps,TRUE,1,1
Balearica,TRUE,2,2
Bambusicola,TRUE,3,3
Bangsia,FALSE,6,5
Barnardius,TRUE,4,4
Bartramia,TRUE,1,1
Baryphthengus,TRUE,2,2
Basileuterus,FALSE,45,21
Basilornis,FALSE,6,2
Batara,TRUE,1,1
Bathilda,TRUE,1,1
Bathmocercus,TRUE,3,3
Batis,FALSE,18,8
Batrachostomus,FALSE,9,5
Berenicornis,TRUE,1,1
Berlepschia,TRUE,1,1
Bernieria,FALSE,4,3
Bias,TRUE,1,1
Biziura,TRUE,1,1
Bleda,TRUE,5,5
Blythipicus,TRUE,3,3
Bocagia,TRUE,1,1
Boissonneaua,TRUE,2,2
Bolbopsittacus,TRUE,1,1
Bolborhynchus,TRUE,1,1
Bolemoreus,TRUE,2,2
Bombycilla,TRUE,4,4
Bonasa,TRUE,1,1
Bostrychia,TRUE,1,1
Botaurus,TRUE,4,4
Brachygalba,FALSE,10,2
Brachypodius,TRUE,2,2
Brachypteracias,TRUE,1,1
Brachypteryx,TRUE,8,8
Brachyramphus,TRUE,4,4
Bradornis,FALSE,26,3
Bradypterus,FALSE,1382,26
Branta,TRUE,3,3
Brotogeris,TRUE,8,8
Brunhilda,TRUE,1,1
Buarremon,TRUE,1,1
Bubalornis,TRUE,2,2
Bubo,FALSE,17,12
Bubulcus,TRUE,1,1
Bucanetes,TRUE,4,4
Buccanodon,TRUE,1,1
Bucco,FALSE,22,3
Bucephala,TRUE,3,3
Buceros,TRUE,7,7
Bucorvus,TRUE,2,2
Buettikoferella,TRUE,1,1
Bulweria,TRUE,1,1
Buphagus,TRUE,2,2
Burhinus,FALSE,8,7
Busarellus,TRUE,2,2
Butastur,TRUE,4,4
Buteo,FALSE,51,37
Buteogallus,FALSE,11,8
Buthraupis,FALSE,5,4
Butorides,TRUE,2,2
Bycanistes,TRUE,5,5
Cacatua,TRUE,6,6
Cacicus,FALSE,7093,17
Cacomantis,FALSE,25,5
Calamanthus,FALSE,26,3
Calamonastes,TRUE,1,1
Calamonastides,TRUE,1,1
Calamospiza,TRUE,1,1
Calandrella,FALSE,32,19
Calcarius,FALSE,7,4
Calendulauda,TRUE,1,1
Calicalicus,TRUE,2,2
Calidris,FALSE,25,23
Caligavis,FALSE,3,2
Callacanthis,TRUE,1,1
Callaeas,FALSE,6,2
Calliope,FALSE,12,11
Callipepla,TRUE,4,4
Calliphlox,FALSE,36,6
Callocephalon,TRUE,1,1
Callonetta,TRUE,1,1
Calochaetes,TRUE,1,1
Calocitta,TRUE,2,2
Caloenas,TRUE,1,1
Calonectris,TRUE,5,5
Caloperdix,TRUE,1,1
Calorhamphus,TRUE,1,1
Calothorax,TRUE,2,2
Calypte,TRUE,2,2
Calyptocichla,TRUE,1,1
Calyptomena,TRUE,4,4
Calyptophilus,TRUE,2,2
Calyptorhynchus,TRUE,4,4
Calyptura,TRUE,1,1
Camarhynchus,TRUE,5,5
Camaroptera,FALSE,13,10
Campephaga,TRUE,2,2
Campephilus,TRUE,9,9
Campethera,FALSE,15,14
Campicoloides,TRUE,1,1
Campochaera,TRUE,1,1
Camptostoma,TRUE,2,2
Campylopterus,FALSE,15,10
Campylorhamphus,TRUE,5,5
Campylorhynchus,TRUE,20,20
Canirallus,TRUE,1,1
Cantorchilus,FALSE,7,3
Capito,TRUE,19,19
Caprimulgus,FALSE,17,15
Capsiempis,TRUE,1,1
Caracara,TRUE,3,3
Cardellina,TRUE,5,5
Cardinalis,TRUE,3,3
Carduelis,TRUE,1,1
Cariama,TRUE,1,1
Caridonax,TRUE,1,1
Carpodacus,FALSE,85,22
Carpodectes,TRUE,3,3
Carpornis,TRUE,1,1
Carpospiza,TRUE,1,1
Carterornis,TRUE,2,2
Caryothraustes,TRUE,2,2
Casiornis,FALSE,3,2
Castanozoster,TRUE,1,1
Casuarius,TRUE,1,1
Catamblyrhynchus,TRUE,1,1
Catamenia,TRUE,3,3
Catharopeza,TRUE,1,1
Cathartes,TRUE,3,3
Catharus,TRUE,9,9
Catherpes,TRUE,1,1
Catreus,TRUE,1,1
Cecropis,TRUE,7,7
Celeus,TRUE,15,15
Centrocercus,TRUE,2,2
Centronyx,FALSE,14,2
Centropus,FALSE,67,7
Cephalopterus,FALSE,4,3
Cephalopyrus,TRUE,1,1
Cepphus,TRUE,3,3
Ceratogymna,TRUE,1,1
Cercococcyx,TRUE,4,4
Cercomacra,FALSE,37,10
Cercomacroides,FALSE,8,5
Cercomela,FALSE,66,10
Cercotrichas,FALSE,22,10
Cereopsis,TRUE,1,1
Cerorhinca,TRUE,1,1
Certhia,TRUE,21,21
Certhiasomus,TRUE,1,1
Certhiaxis,TRUE,2,2
Certhidea,FALSE,13,2
Certhilauda,TRUE,1,1
Certhionyx,FALSE,180,2
Ceryle,TRUE,1,1
Cettia,FALSE,52,18
Ceyx,FALSE,37,22
Chaetocercus,FALSE,5,4
Chaetops,TRUE,1,1
Chaetorhynchus,TRUE,1,1
Chaetornis,TRUE,1,1
Chaetura,TRUE,25,25
Chalcites,TRUE,1,1
Chalcomitra,FALSE,16,3
Chalcoparia,TRUE,1,1
Chalcophaps,TRUE,3,3
Chalcopsitta,TRUE,6,6
Chalcostigma,FALSE,6,4
Chalybura,FALSE,18,2
Chamaepetes,TRUE,2,2
Chamaetylas,TRUE,1,1
Chamaeza,FALSE,7,3
Charadrius,FALSE,346,26
Charitospiza,TRUE,1,1
Charmosyna,FALSE,14,11
Chasiempis,TRUE,2,2
Chatarrhaea,FALSE,22,2
Chauna,TRUE,1,1
Chaunoproctus,TRUE,1,1
Chelidoptera,TRUE,1,1
Chelidorhynx,TRUE,1,1
Chenonetta,TRUE,1,1
Chenorhamphus,TRUE,2,2
Cheramoeca,TRUE,1,1
Chersomanes,TRUE,1,1
Chersophilus,TRUE,1,1
Chionis,FALSE,10,2
Chiroxiphia,FALSE,7,5
Chlamydera,TRUE,8,8
Chlamydochaera,TRUE,1,1
Chlamydotis,TRUE,4,4
Chlidonias,TRUE,4,4
Chloebia,TRUE,1,1
Chloephaga,FALSE,5,4
Chloris,TRUE,8,8
Chloroceryle,TRUE,4,4
Chlorocharis,TRUE,1,1
Chlorochrysa,TRUE,3,3
Chlorocichla,FALSE,5,3
Chlorodrepanis,TRUE,1,1
Chloropeta,FALSE,92,3
Chlorophanes,TRUE,1,1
Chlorophoneus,FALSE,4,3
Chlorophonia,TRUE,3,3
Chloropicus,FALSE,4,3
Chloropipo,TRUE,2,2
Chloropsis,TRUE,9,9
Chlorornis,TRUE,1,1
Chlorospingus,FALSE,959,31
Chlorostilbon,FALSE,103,14
Chlorothraupis,TRUE,3,3
Cholornis,TRUE,1,1
Chondestes,TRUE,1,1
Chondrohierax,TRUE,2,2
Chordeiles,FALSE,5,4
Chroicocephalus,FALSE,64,8
Chrysococcyx,FALSE,7,6
Chrysocolaptes,FALSE,6,5
Chrysolampis,TRUE,1,1
Chrysolophus,TRUE,4,4
Chrysominla,TRUE,3,3
Chrysomma,TRUE,2,2
Chrysomus,TRUE,4,4
Chrysophlegma,TRUE,3,3
Chrysothlypis,TRUE,2,2
Chrysuronia,TRUE,1,1
Chunga,TRUE,1,1
Ciccaba,TRUE,1,1
Cichladusa,TRUE,1,1
Cichlocolaptes,TRUE,1,1
Cichlopsis,TRUE,1,1
Cicinnurus,TRUE,1,1
Ciconia,TRUE,8,8
Cinclidium,TRUE,1,1
Cinclocerthia,TRUE,2,2
Cinclodes,TRUE,14,14
Cincloramphus,FALSE,13,6
Cinclosoma,TRUE,11,11
Cinclus,TRUE,3,3
Cinnycerthia,TRUE,1,1
Cinnyricinclus,FALSE,47,2
Cinnyris,FALSE,75,44
Circaetus,FALSE,6,5
Circus,TRUE,19,19
Cissa,TRUE,3,3
Cissopis,TRUE,1,1
Cisticola,TRUE,22,22
Cistothorus,TRUE,2,2
Cittura,FALSE,6,2
Cladorhynchus,TRUE,1,1
Clamator,FALSE,23,3
Clanga,TRUE,4,4
Clangula,TRUE,1,1
Claravis,FALSE,15,3
Cleptornis,TRUE,1,1
Clibanornis,FALSE,9,2
Climacteris,TRUE,3,3
Clytoceyx,TRUE,1,1
Clytolaema,TRUE,1,1
Clytomyias,TRUE,2,2
Clytorhynchus,TRUE,4,4
Clytospiza,TRUE,1,1
Cnemarchus,TRUE,1,1
Cnemophilus,FALSE,3,2
Cnemoscopus,TRUE,1,1
Cnemotriccus,TRUE,2,2
Cnipodectes,TRUE,1,1
Coccopygia,FALSE,3,2
Coccothraustes,TRUE,1,1
Coccycua,TRUE,1,1
Coccyzus,FALSE,15,8
Cochlearius,TRUE,1,1
Cochoa,TRUE,2,2
Coeligena,TRUE,17,17
Coenocorypha,TRUE,5,5
Coereba,TRUE,3,3
Colaptes,TRUE,14,14
Colibri,TRUE,5,5
Colinus,TRUE,3,3
Colius,FALSE,4,3
Collocalia,FALSE,32,15
Colluricincla,FALSE,46,13
Coloeus,TRUE,1,1
Colonia,TRUE,1,1
Colorhamphus,TRUE,1,1
Columba,FALSE,49,17
Columbina,TRUE,8,8
Compsothraupis,TRUE,1,1
Conioptilon,TRUE,1,1
Conirostrum,FALSE,11,10
Conopias,TRUE,2,2
Conopophaga,TRUE,9,9
Conopophila,FALSE,17,3
Conostoma,TRUE,1,1
Conothraupis,TRUE,1,1
Contopus,FALSE,340,12
Copsychus,FALSE,12,11
Coracias,TRUE,5,5
Coracina,FALSE,95,40
Coracopsis,FALSE,7,6
Coracornis,TRUE,2,2
Coragyps,TRUE,1,1
Corapipo,FALSE,3,2
Corcorax,TRUE,1,1
Cormobates,TRUE,2,2
Corvinella,TRUE,1,1
Corvus,FALSE,25,24
Corydon,TRUE,1,1
Coryphaspiza,TRUE,1,1
Coryphistera,TRUE,1,1
Coryphospingus,TRUE,2,2
Corythaeola,TRUE,1,1
Corythaixoides,FALSE,7,5
Corythopis,TRUE,2,2
Corythornis,FALSE,8,6
Coscoroba,TRUE,1,1
Cossypha,FALSE,41,15
Cossyphicula,TRUE,1,1
Cotinga,TRUE,7,7
Coturnicops,TRUE,2,2
Coturnix,FALSE,8,6
Coua,TRUE,1,1
Cracticus,TRUE,11,11
Cranioleuca,FALSE,25,20
Crax,TRUE,7,7
Creagrus,TRUE,1,1
Creatophora,TRUE,1,1
Creurgops,TRUE,2,2
Crex,TRUE,1,1
Crinifer,TRUE,2,2
Criniger,TRUE,5,5
Crithagra,FALSE,19,10
Crossleyia,TRUE,1,1
Crossoptilon,TRUE,5,5
Crotophaga,TRUE,2,2
Crypsirina,TRUE,1,1
Cryptopipo,TRUE,2,2
Cryptospiza,FALSE,8,4
Cryptosylvicola,TRUE,1,1
Crypturellus,FALSE,12,9
Cuculus,FALSE,25,10
Culicicapa,TRUE,2,2
Culicivora,TRUE,1,1
Curaeus,FALSE,17,2
Curruca,FALSE,38,16
Cursorius,TRUE,1,1
Cutia,TRUE,4,4
Cyanerpes,TRUE,4,4
Cyanicterus,TRUE,1,1
Cyanistes,TRUE,21,21
Cyanochen,TRUE,1,1
Cyanocitta,TRUE,3,3
Cyanocompsa,FALSE,7,2
Cyanocorax,FALSE,20,17
Cyanoderma,FALSE,9,8
Cyanograucalus,TRUE,1,1
Cyanolanius,FALSE,4,2
Cyanoliseus,TRUE,5,5
Cyanoloxia,FALSE,5,4
Cyanolyca,TRUE,8,8
Cyanomitra,FALSE,55,5
Cyanophaia,TRUE,1,1
Cyanopica,TRUE,4,4
Cyanopsitta,TRUE,1,1
Cyanoptila,TRUE,2,2
Cyanoramphus,TRUE,9,9
Cyclarhis,TRUE,4,4
Cyclopsitta,TRUE,1,1
Cygnus,TRUE,7,7
Cymbilaimus,FALSE,6,3
Cymbirhynchus,TRUE,2,2
Cynanthus,FALSE,17,3
Cyornis,FALSE,4294,16
Cyphorhinus,TRUE,2,2
Cypseloides,FALSE,4,3
Cypsiurus,TRUE,2,2
Cypsnagra,TRUE,1,1
Cyrtonyx,TRUE,1,1
Dacelo,FALSE,9,8
Dacnis,TRUE,8,8
Dactylortyx,TRUE,1,1
Damophila,TRUE,1,1
Daphoenositta,TRUE,14,14
Daption,TRUE,1,1
Daptrius,TRUE,1,1
Dasycrotapha,TRUE,1,1
Dasylophus,FALSE,24,3
Dasyornis,TRUE,2,2
Deconychura,TRUE,4,4
Delacourella,TRUE,1,1
Deleornis,TRUE,1,1
Delichon,TRUE,4,4
Delothraupis,TRUE,1,1
Deltarhynchus,TRUE,1,1
Dendragapus,TRUE,2,2
Dendrexetastes,TRUE,5,5
Dendrocincla,TRUE,22,22
Dendrocitta,FALSE,5,4
Dendrocolaptes,TRUE,1,1
Dendrocopos,FALSE,85,29
Dendrocoptes,TRUE,1,1
Dendrocygna,TRUE,7,7
Dendronanthus,TRUE,1,1
Dendroperdix,TRUE,3,3
Dendropicos,TRUE,12,12
Dendroplex,FALSE,6,2
Dendrortyx,TRUE,1,1
Deroptyus,TRUE,1,1
Diaphorapteryx,TRUE,1,1
Dicaeum,FALSE,47,36
Dichrozona,TRUE,1,1
Dicrurus,TRUE,31,31
Didunculus,TRUE,1,1
Diglossa,TRUE,18,18
Dinemellia,TRUE,1,1
Dinopium,FALSE,6,5
Dinornis,TRUE,2,2
Diomedea,FALSE,27,6
Diopsittaca,TRUE,3,3
Diphyllodes,TRUE,2,2
Discosura,TRUE,4,4
Diuca,FALSE,320,2
Dives,FALSE,44,3
Dolichonyx,TRUE,1,1
Doliornis,TRUE,2,2
Dolospingus,TRUE,1,1
Donacobius,TRUE,2,2
Donacospiza,TRUE,1,1
Doricha,TRUE,2,2
Doryfera,TRUE,2,2
Drepanoptila,TRUE,1,1
Drepanornis,FALSE,4,2
Dreptes,TRUE,1,1
Dromaius,TRUE,1,1
Dromas,TRUE,1,1
Dromococcyx,TRUE,1,1
Drymocichla,TRUE,1,1
Drymodes,TRUE,3,3
Drymophila,FALSE,20,11
Drymornis,TRUE,1,1
Drymotoxeres,TRUE,1,1
Dryobates,TRUE,7,7
Dryocopus,FALSE,9,6
Dryolimnas,FALSE,111,2
Dryoscopus,TRUE,2,2
Dryotriorchis,TRUE,1,1
Dubusia,TRUE,1,1
Ducula,TRUE,20,20
Dulus,TRUE,1,1
Dumetella,TRUE,1,1
Dumetia,TRUE,2,2
Dyaphorophyia,TRUE,1,1
Dysithamnus,FALSE,254,7
Eclectus,TRUE,7,7
Ectopistes,TRUE,1,1
Edolisoma,FALSE,43,41
Egretta,TRUE,8,8
Elachura,TRUE,1,1
Elaenia,TRUE,29,29
Elanoides,FALSE,5,2
Elanus,TRUE,2,2
Elaphrornis,TRUE,1,1
Electron,TRUE,1,1
Eleoscytalopus,TRUE,2,2
Eleothreptus,TRUE,1,1
Elminia,TRUE,5,5
Elseyornis,TRUE,1,1
Elvira,TRUE,2,2
Emberiza,FALSE,78,63
Emberizoides,TRUE,3,3
Embernagra,TRUE,1,1
Emblema,TRUE,1,1
Emeus,TRUE,1,1
Eminia,TRUE,1,1
Empidonax,FALSE,37,23
Empidonomus,TRUE,1,1
Empidornis,TRUE,1,1
Enicognathus,TRUE,2,2
Enicurus,TRUE,7,7
Enodes,TRUE,1,1
Ensifera,TRUE,1,1
Entomodestes,TRUE,2,2
Entomyzon,TRUE,1,1
Eolophus,TRUE,1,1
Eophona,TRUE,2,2
Eopsaltria,FALSE,14,7
Eos,TRUE,9,9
Ephippiorhynchus,TRUE,2,2
Ephthianura,TRUE,1,1
Epimachus,TRUE,2,2
Epinecrophylla,FALSE,14,12
Epthianura,TRUE,5,5
Eremalauda,TRUE,2,2
Eremomela,TRUE,3,3
Eremophila,TRUE,6,6
Eremopterix,FALSE,7,4
Eriocnemis,FALSE,9,8
Erithacus,TRUE,1,1
Erpornis,TRUE,1,1
Erythrocercus,TRUE,1,1
Erythrogenys,TRUE,4,4
Erythrogonys,TRUE,1,1
Erythropitta,FALSE,35,34
Erythrura,TRUE,8,8
Estrilda,FALSE,33,11
Eubucco,TRUE,5,5
Eucometis,TRUE,1,1
Eudocimus,TRUE,2,2
Eudromia,TRUE,2,2
Eudynamys,TRUE,1,1
Eudyptes,TRUE,7,7
Eudyptula,TRUE,2,2
Eugenes,TRUE,1,1
Eugerygone,FALSE,36,2
Eugralla,TRUE,1,1
Eulabeornis,TRUE,1,1
Eulacestoma,TRUE,1,1
Eulampis,TRUE,2,2
Eulidia,TRUE,1,1
Eulipoa,TRUE,1,1
Eumomota,TRUE,1,1
Eumyias,FALSE,8,7
Euneornis,TRUE,1,1
Eunymphicus,TRUE,2,2
Euodice,FALSE,72,3
Eupetes,TRUE,1,1
Eupetomena,TRUE,1,1
Euphagus,TRUE,2,2
Eupherusa,TRUE,4,4
Euphonia,FALSE,26,23
Euplectes,TRUE,40,40
Eupodotis,FALSE,9,3
Eupsittula,TRUE,8,8
Euptilotis,TRUE,1,1
Eurillas,TRUE,6,6
Eurocephalus,TRUE,1,1
Eurostopodus,TRUE,3,3
Euryapteryx,TRUE,1,1
Euryceros,TRUE,1,1
Eurylaimus,FALSE,8,4
Euryptila,TRUE,1,1
Eurypyga,TRUE,1,1
Eurystomus,FALSE,11097,2
Euscarthmus,TRUE,2,2
Euschistospiza,FALSE,30,2
Eutoxeres,TRUE,2,2
Eutrichomyias,TRUE,1,1
Eutriorchis,TRUE,1,1
Excalfactoria,TRUE,1,1
Falcipennis,FALSE,9,5
Falco,TRUE,76,76
Falculea,TRUE,1,1
Falcunculus,TRUE,1,1
Ferminia,TRUE,1,1
Ficedula,FALSE,36,32
Florisuga,TRUE,2,2
Fluvicola,TRUE,3,3
Formicarius,TRUE,4,4
Formicivora,FALSE,11,9
Forpus,TRUE,20,20
Foudia,TRUE,11,11
Foulehaio,TRUE,1,1
Francolinus,FALSE,125,27
Fraseria,FALSE,8,2
Fratercula,TRUE,4,4
Frederickena,TRUE,3,3
Fregata,TRUE,5,5
Fregetta,TRUE,8,8
Fregilupus,TRUE,1,1
Fringilla,TRUE,7,7
Fringillaria,FALSE,5,3
Fulica,TRUE,10,10
Fulmarus,TRUE,5,5
Fulvetta,FALSE,10,5
Furnarius,TRUE,6,6
Gactornis,TRUE,1,1
Galbula,FALSE,11,9
Galerida,TRUE,4,4
Gallicolumba,FALSE,246,9
Gallicrex,TRUE,1,1
Gallinago,FALSE,17,12
Gallinula,FALSE,22,9
Gallirallus,FALSE,70,6
Gallirex,TRUE,5,5
Galloperdix,TRUE,2,2
Gallus,FALSE,11051,3
Gampsonyx,FALSE,4,2
Gampsorhynchus,TRUE,1,1
Garritornis,TRUE,1,1
Garrodia,TRUE,1,1
Garrulax,FALSE,397,82
Garrulus,TRUE,9,9
Gavia,TRUE,5,5
Gavicalis,TRUE,3,3
Gecinulus,TRUE,1,1
Gelochelidon,TRUE,1,1
Geobiastes,TRUE,1,1
Geocerthia,TRUE,1,1
Geococcyx,FALSE,9,2
Geocolaptes,TRUE,1,1
Geoffroyus,TRUE,1,1
Geokichla,FALSE,16,6
Geopelia,TRUE,4,4
Geophaps,TRUE,3,3
Geositta,TRUE,9,9
Geospiza,FALSE,17,5
Geospizopsis,TRUE,1,1
Geothlypis,TRUE,12,12
Geotrygon,FALSE,33,6
Geranoaetus,FALSE,49,3
Geranospiza,TRUE,1,1
Geronticus,TRUE,2,2
Gerygone,FALSE,61,18
Glareola,FALSE,7,5
Glaucestrilda,FALSE,3,2
Glaucidium,FALSE,34,17
Glaucis,TRUE,2,2
Gliciphila,TRUE,1,1
Glossopsitta,TRUE,1,1
Glycichaera,TRUE,1,1
Glycifohia,FALSE,4,2
Glyphorynchus,TRUE,3,3
Gnorimopsar,TRUE,1,1
Goethalsia,TRUE,1,1
Goldmania,TRUE,1,1
Gorsachius,TRUE,2,2
Goura,TRUE,2,2
Gracula,TRUE,3,3
Gracupica,TRUE,2,2
Grafisia,TRUE,1,1
Grallaria,TRUE,25,25
Grallaricula,TRUE,5,5
Grallina,TRUE,2,2
Graminicola,TRUE,3,3
Grammatoptila,TRUE,3,3
Granatellus,TRUE,3,3
Granatina,TRUE,2,2
Grandala,TRUE,1,1
Grantiella,TRUE,1,1
Graydidascalus,TRUE,1,1
Griseotyrannus,TRUE,1,1
Grus,FALSE,20,8
Guaruba,TRUE,1,1
Gubernatrix,TRUE,1,1
Gubernetes,TRUE,1,1
Guira,TRUE,1,1
Guttera,TRUE,2,2
Gygis,TRUE,1,1
Gymnobucco,TRUE,1,1
Gymnocichla,TRUE,3,3
Gymnoderus,TRUE,1,1
Gymnogyps,TRUE,1,1
Gymnomystax,TRUE,1,1
Gymnomyza,FALSE,180,3
Gymnophaps,TRUE,1,1
Gymnopithys,TRUE,5,5
Gymnorhina,TRUE,7,7
Gymnorhinus,TRUE,1,1
Gymnoris,FALSE,22,3
Gypaetus,TRUE,2,2
Gypohierax,TRUE,1,1
Gypopsitta,TRUE,1,1
Gyps,TRUE,11,11
Gypsophila,TRUE,3,3
Habia,FALSE,7,4
Haematoderus,TRUE,1,1
Haematopus,TRUE,11,11
Haematortyx,TRUE,1,1
Haematospiza,TRUE,1,1
Haemorhous,TRUE,3,3
Halcyon,FALSE,102,19
Haliaeetus,FALSE,11,9
Haliastur,TRUE,3,3
Halobaena,TRUE,1,1
Hamirostra,TRUE,1,1
Hapalopsittaca,TRUE,7,7
Haplochelidon,TRUE,1,1
Haplophaedia,TRUE,2,2
Haplospiza,FALSE,3,2
Harpactes,TRUE,10,10
Harpagornis,TRUE,1,1
Harpagus,TRUE,2,2
Harpia,TRUE,1,1
Harpyhaliaetus,TRUE,2,2
Harpyopsis,TRUE,1,1
Hartertula,TRUE,1,1
Hartlaubius,TRUE,1,1
Hedydipna,FALSE,104,2
Heinrichia,TRUE,1,1
Heleia,TRUE,1,1
Heliactin,FALSE,29,2
Heliangelus,TRUE,6,6
Heliobletus,TRUE,1,1
Heliodoxa,FALSE,11,9
Heliomaster,TRUE,4,4
Heliopais,TRUE,1,1
Heliornis,TRUE,1,1
Heliothryx,TRUE,2,2
Hellmayrea,TRUE,1,1
Helmitheros,TRUE,1,1
Hemicircus,TRUE,1,1
Hemignathus,FALSE,14,5
Hemiphaga,TRUE,4,4
Hemiprocne,FALSE,92,4
Hemipus,TRUE,2,2
Hemispingus,FALSE,39,11
Hemitesia,TRUE,1,1
Hemithraupis,TRUE,3,3
Hemitriccus,FALSE,22,13
Hemixos,TRUE,3,3
Henicopernis,TRUE,1,1
Henicophaps,TRUE,1,1
Henicorhina,TRUE,6,6
Herpetotheres,TRUE,1,1
Herpsilochmus,TRUE,14,14
Hesperiphona,TRUE,1,1
Heteralocha,TRUE,1,1
Heterocercus,FALSE,19,2
Heteromirafra,TRUE,3,3
Heteromunia,TRUE,1,1
Heteromyias,TRUE,1,1
Heteronetta,TRUE,1,1
Heterophasia,TRUE,14,14
Heterospingus,TRUE,2,2
Heteroxenicus,TRUE,1,1
Heteroxolmis,TRUE,1,1
Hieraaetus,FALSE,9,8
Hierococcyx,FALSE,5,4
Himantopus,TRUE,5,5
Himantornis,TRUE,1,1
Himatione,TRUE,1,1
Hippolais,TRUE,5,5
Hirundapus,TRUE,1,1
Hirundinea,TRUE,1,1
Hirundo,TRUE,21,21
Histrionicus,TRUE,1,1
Hodgsonius,TRUE,1,1
Horornis,FALSE,25,15
Humblotia,TRUE,1,1
Hydrobates,FALSE,25,9
Hydrochous,TRUE,1,1
Hydrocoloeus,TRUE,1,1
Hydrophasianus,TRUE,1,1
Hydroprogne,TRUE,1,1
Hydropsalis,TRUE,4,4
Hydrornis,TRUE,11,11
Hylacola,TRUE,2,2
Hylexetastes,TRUE,3,3
Hylia,TRUE,2,2
Hyliota,TRUE,1,1
Hylocharis,FALSE,103,7
Hylocichla,TRUE,1,1
Hylocitrea,TRUE,1,1
Hylocryptus,FALSE,9,2
Hyloctistes,FALSE,9,2
Hylomanes,TRUE,1,1
Hylopezus,FALSE,15,8
Hylophilus,FALSE,61,16
Hylophylax,TRUE,5,5
Hylorchilus,TRUE,1,1
Hymenolaimus,TRUE,1,1
Hymenops,TRUE,1,1
Hypargos,TRUE,2,2
Hypergerus,TRUE,1,1
Hypocnemis,TRUE,9,9
Hypocnemoides,TRUE,2,2
Hypocolius,TRUE,1,1
Hypocryptadius,TRUE,1,1
Hypoedaleus,TRUE,1,1
Hypopyrrhus,TRUE,1,1
Hypositta,TRUE,1,1
Hypothymis,TRUE,4,4
Hypsipetes,FALSE,24,11
Ianthocincla,FALSE,12,4
Ibidorhyncha,TRUE,1,1
Ibycter,TRUE,1,1
Ichthyaetus,FALSE,6,5
Ichthyophaga,TRUE,2,2
Icteria,TRUE,1,1
Icterus,TRUE,67,67
Ictinaetus,FALSE,6,2
Ictinia,TRUE,2,2
Idiopsar,TRUE,1,1
Iduna,FALSE,9,7
Ifrita,TRUE,1,1
Ilicura,TRUE,1,1
Illadopsis,FALSE,10,8
Incana,TRUE,1,1
Incaspiza,TRUE,2,2
Indicator,TRUE,6,6
Inezia,TRUE,3,3
Iodopleura,TRUE,2,2
Iole,FALSE,49,14
Irania,TRUE,1,1
Irediparra,TRUE,1,1
Irena,TRUE,5,5
Iridophanes,TRUE,1,1
Iridosornis,TRUE,5,5
Isleria,TRUE,2,2
Ispidina,TRUE,3,3
Ithaginis,TRUE,3,3
Ixobrychus,FALSE,11,7
Ixonotus,TRUE,1,1
Ixoreus,TRUE,1,1
Ixos,FALSE,28,11
Jabiru,TRUE,1,1
Jabouilleia,TRUE,2,2
Jacamerops,TRUE,1,1
Jacana,TRUE,2,2
Junco,TRUE,3,3
Jynx,TRUE,3,3
Kakamega,TRUE,1,1
Kaupifalco,FALSE,78,2
Kenopia,TRUE,1,1
Ketupa,FALSE,56,4
Klais,TRUE,1,1
Knipolegus,TRUE,12,12
Kupeornis,TRUE,2,2
Kurochkinegramma,TRUE,2,2
Lacedo,TRUE,2,2
Lafresnaya,TRUE,1,1
Lagonosticta,TRUE,16,16
Lagopus,TRUE,4,4
Lalage,FALSE,15,9
Lampornis,TRUE,8,8
Lamprolaima,TRUE,1,1
Lamprolia,TRUE,1,1
Lampropsar,TRUE,1,1
Lamprospiza,TRUE,1,1
Lamprotornis,FALSE,35,24
Laniarius,TRUE,9,9
Laniellus,TRUE,2,2
Laniisoma,TRUE,1,1
Lanio,TRUE,5,5
Laniocera,TRUE,1,1
Lanioturdus,TRUE,1,1
Lanius,FALSE,59,58
Larosterna,TRUE,1,1
Larus,FALSE,64,47
Larvivora,TRUE,7,7
Laterallus,FALSE,12,6
Lathamus,TRUE,1,1
Lathrotriccus,TRUE,3,3
Laticilla,TRUE,1,1
Legatus,TRUE,1,1
Leiopicus,FALSE,5,2
Leioptila,FALSE,5,2
Leiothlypis,FALSE,12,10
Leiothrix,TRUE,7,7
Leipoa,TRUE,1,1
Leistes,TRUE,1,1
Leonardina,TRUE,1,1
Lepidocolaptes,TRUE,17,17
Lepidopyga,FALSE,8,2
Lepidopygia,TRUE,1,1
Lepidothrix,TRUE,9,9
Leptasthenura,FALSE,11,10
Leptocoma,FALSE,28,5
Leptodon,TRUE,1,1
Leptopoecile,TRUE,3,3
Leptopogon,FALSE,5,4
Leptopterus,TRUE,1,1
Leptoptilos,TRUE,2,2
Leptosittaca,TRUE,1,1
Leptosomus,TRUE,1,1
Leptotila,TRUE,13,13
Leptotrygon,TRUE,1,1
Lerwa,TRUE,1,1
Lesbia,TRUE,2,2
Lessonia,TRUE,2,2
Leucippus,FALSE,51,4
Leucocarbo,TRUE,15,15
Leucochloris,TRUE,1,1
Leuconotopicus,FALSE,6,2
Leucopeza,TRUE,1,1
Leucophaeus,TRUE,4,4
Leucopsar,TRUE,1,1
Leucopternis,FALSE,66,15
Leucosarcia,TRUE,1,1
Leucosticte,FALSE,7,6
Lewinia,TRUE,3,3
Lichenostomus,FALSE,29,10
Lichmera,TRUE,7,7
Limicola,TRUE,1,1
Limnoctites,TRUE,1,1
Limnodromus,TRUE,3,3
Limnornis,TRUE,1,1
Limnothlypis,TRUE,1,1
Limosa,TRUE,9,9
Linaria,TRUE,7,7
Linurgus,TRUE,3,3
Liocichla,TRUE,5,5
Lioparus,TRUE,2,2
Lioptilus,TRUE,1,1
Liosceles,TRUE,1,1
Lipaugus,FALSE,7,6
Loboparadisea,TRUE,1,1
Lobotos,TRUE,1,1
Lochmias,TRUE,1,1
Locustella,FALSE,38,25
Loddigesia,TRUE,1,1
Lonchura,FALSE,33,32
Lophaetus,TRUE,1,1
Lophoceros,TRUE,1,1
Lophochroa,TRUE,1,1
Lophodytes,TRUE,1,1
Lophoictinia,TRUE,1,1
Lopholaimus,TRUE,1,1
Lophonetta,TRUE,1,1
Lophophanes,TRUE,3,3
Lophophorus,TRUE,3,3
Lophorina,FALSE,8,7
Lophornis,TRUE,4,4
Lophospingus,TRUE,2,2
Lophostrix,TRUE,1,1
Lophotis,TRUE,1,1
Lophotriccus,FALSE,5,3
Lophotriorchis,FALSE,25,3
Lophozosterops,FALSE,8,5
Lophura,TRUE,11,11
Loriculus,FALSE,22,5
Lorius,TRUE,7,7
Loxia,TRUE,7,7
Loxigilla,FALSE,27,4
Loxioides,TRUE,1,1
Loxipasser,TRUE,1,1
Loxops,FALSE,10,3
Lullula,TRUE,1,1
Lurocalis,TRUE,3,3
Luscinia,FALSE,224,12
Lybius,FALSE,6,5
Lycocorax,TRUE,1,1
Lymnocryptes,TRUE,1,1
Lyncornis,FALSE,58,2
Lyrurus,TRUE,2,2
Macgregoria,TRUE,1,1
Machaerirhynchus,TRUE,2,2
Machaeropterus,TRUE,3,3
Macheiramphus,TRUE,1,1
Machetornis,TRUE,1,1
Machlolophus,FALSE,17,8
Mackenziaena,TRUE,2,2
Macroagelaius,TRUE,2,2
Macrocephalon,TRUE,1,1
Macrodipteryx,TRUE,2,2
Macronectes,TRUE,2,2
Macronous,FALSE,3,2
Macronus,TRUE,1,1
Macronyx,TRUE,1,1
Macropygia,FALSE,8,7
Macrosphenus,FALSE,1364,2
Madanga,TRUE,1,1
Magumma,TRUE,1,1
Malacocincla,FALSE,43,4
Malaconotus,FALSE,23,3
Malacopteron,TRUE,9,9
Malacoptila,TRUE,7,7
Malacorhynchus,TRUE,1,1
Malcorus,TRUE,1,1
Malia,TRUE,1,1
Malimbus,FALSE,15,5
Malurus,TRUE,31,31
Manacus,TRUE,4,4
Mandingoa,FALSE,4,3
Manorina,TRUE,3,3
Manucodia,TRUE,4,4
Mareca,TRUE,6,6
Margaroperdix,TRUE,1,1
Margarops,TRUE,1,1
Margarornis,TRUE,4,4
Marmaronetta,TRUE,1,1
Mascarinus,TRUE,1,1
Masius,TRUE,1,1
Mayrornis,FALSE,18,2
Mazaria,TRUE,1,1
Mecocerculus,FALSE,126,4
Megabyas,TRUE,1,1
Megaceryle,TRUE,5,5
Megalaima,FALSE,35,26
Megalapteryx,TRUE,1,1
Megalurulus,FALSE,11,5
Megalurus,TRUE,3,3
Megapodius,TRUE,13,13
Megarynchus,TRUE,1,1
Megascops,FALSE,19,14
Megastictus,TRUE,1,1
Megatriorchis,TRUE,1,1
Megaxenops,TRUE,1,1
Meiglyptes,TRUE,4,4
Melaenornis,FALSE,26,10
Melampitta,TRUE,2,2
Melamprosops,TRUE,1,1
Melanerpes,FALSE,31,26
Melaniparus,TRUE,18,18
Melanitta,FALSE,4,3
Melanocharis,TRUE,2,2
Melanochlora,TRUE,1,1
Melanocorypha,TRUE,3,3
Melanodera,TRUE,2,2
Melanodryas,TRUE,6,6
Melanopareia,TRUE,4,4
Melanoperdix,TRUE,1,1
Melanoptila,TRUE,1,1
Melanorectes,TRUE,6,6
Melanospiza,TRUE,1,1
Melanotis,TRUE,2,2
Meleagris,TRUE,2,2
Meliarchus,TRUE,1,1
Melidectes,FALSE,93,6
Melidora,TRUE,1,1
Melierax,TRUE,2,2
Melilestes,TRUE,1,1
Melionyx,TRUE,1,1
Meliphaga,FALSE,247,24
Melipotes,TRUE,1,1
Melithreptus,TRUE,6,6
Melitograis,TRUE,1,1
Mellisuga,TRUE,1,1
Melloria,TRUE,5,5
Melocichla,TRUE,2,2
Melophus,TRUE,1,1
Melopsittacus,TRUE,1,1
Melopyrrha,TRUE,1,1
Melospiza,TRUE,4,4
Melozone,TRUE,10,10
Mentocrex,TRUE,1,1
Menura,TRUE,1,1
Merganetta,TRUE,1,1
Mergellus,TRUE,1,1
Mergus,TRUE,4,4
Meropogon,TRUE,1,1
Merops,TRUE,31,31
Merulaxis,TRUE,1,1
Mesembrinibis,TRUE,1,1
Mesitornis,TRUE,1,1
Metabolus,TRUE,1,1
Metallura,TRUE,11,11
Metopidius,TRUE,1,1
Metopothrix,TRUE,1,1
Metriopelia,TRUE,4,4
Micrastur,TRUE,7,7
Micrathene,TRUE,1,1
Microbates,FALSE,17,7
Microcarbo,TRUE,3,3
Microcerculus,TRUE,3,3
Microchera,TRUE,1,1
Microeca,FALSE,16,14
Microhierax,FALSE,86,7
Microligea,TRUE,1,1
Micromacronus,TRUE,2,2
Micronisus,TRUE,1,1
Microparra,TRUE,1,1
Micropsitta,TRUE,4,4
Micropternus,TRUE,2,2
Micropygia,TRUE,1,1
Microrhopias,TRUE,3,3
Microscelis,FALSE,6,5
Microspingus,FALSE,8,3
Microstilbon,TRUE,1,1
Microxenops,TRUE,1,1
Miliaria,TRUE,1,1
Milvago,FALSE,8,3
Milvus,TRUE,9,9
Mimizuku,TRUE,1,1
Mimus,TRUE,15,15
Minla,FALSE,4,3
Mino,TRUE,3,3
Mionectes,TRUE,5,5
Mirafra,FALSE,15,12
Mitrephanes,TRUE,3,3
Mitrospingus,TRUE,2,2
Mitu,FALSE,5,4
Mixornis,TRUE,3,3
Mniotilta,TRUE,1,1
Modulatrix,FALSE,4,2
Mohoua,TRUE,3,3
Molothrus,FALSE,7,5
Momotus,TRUE,2,2
Monachella,TRUE,2,2
Monarcha,FALSE,55,13
Monasa,TRUE,4,4
Monias,TRUE,1,1
Montecincla,FALSE,5,4
Monticola,TRUE,21,21
Montifringilla,TRUE,5,5
Morphnus,TRUE,1,1
Morus,TRUE,3,3
Motacilla,TRUE,40,40
Mulleripicus,TRUE,3,3
Muscicapa,FALSE,379,26
Muscicapella,TRUE,1,1
Muscigralla,TRUE,1,1
Muscipipra,TRUE,1,1
Muscisaxicola,TRUE,12,12
Musophaga,TRUE,2,2
Myadestes,TRUE,10,10
Mycerobas,TRUE,4,4
Mycteria,TRUE,4,4
Myiagra,TRUE,31,31
Myiarchus,FALSE,26,21
Myiobius,TRUE,4,4
Myioborus,TRUE,12,12
Myiodynastes,TRUE,3,3
Myiomela,TRUE,2,2
Myiopagis,TRUE,20,20
Myioparus,TRUE,2,2
Myiophobus,FALSE,347,9
Myiopsitta,TRUE,1,1
Myiornis,FALSE,19,3
Myiotheretes,TRUE,3,3
Myiothlypis,FALSE,16,6
Myiotriccus,TRUE,1,1
Myiozetetes,TRUE,4,4
Myophonus,TRUE,5,5
Myornis,TRUE,1,1
Myrmeciza,FALSE,242,21
Myrmecocichla,FALSE,66,8
Myrmelastes,FALSE,8,6
Myrmia,TRUE,1,1
Myrmoborus,TRUE,3,3
Myrmochanes,TRUE,1,1
Myrmoderus,TRUE,2,2
Myrmorchilus,TRUE,1,1
Myrmornis,TRUE,2,2
Myrmothera,TRUE,2,2
Myrmotherula,FALSE,242,19
Myrtis,TRUE,1,1
Mystacornis,TRUE,1,1
Myza,TRUE,2,2
Myzomela,TRUE,24,24
Myzornis,TRUE,1,1
Namibornis,TRUE,1,1
Nannopsittaca,FALSE,3,2
Napothera,FALSE,70,4
Nasica,TRUE,1,1
Neafrapus,TRUE,1,1
Necrosyrtes,TRUE,1,1
Nectarinia,FALSE,103,12
Nemosia,TRUE,1,1
Neochelidon,TRUE,1,1
Neochen,TRUE,1,1
Neochmia,FALSE,23,7
Neocichla,TRUE,1,1
Neocossyphus,FALSE,5,3
Neocrex,TRUE,1,1
Neoctantes,TRUE,1,1
Neodrepanis,TRUE,1,1
Neolalage,TRUE,1,1
Neolestes,TRUE,1,1
Neomixis,TRUE,3,3
Neomorphus,FALSE,9,2
Neopelma,FALSE,7,5
Neophema,FALSE,6,5
Neophron,TRUE,2,2
Neopipo,TRUE,1,1
Neopsephotus,TRUE,1,1
Neopsittacus,FALSE,51,3
Neosericornis,TRUE,1,1
Neothraupis,TRUE,1,1
Neoxolmis,TRUE,1,1
Nephelomyias,FALSE,4,2
Nephelornis,TRUE,1,1
Nesillas,TRUE,6,6
Nesocharis,TRUE,2,2
Nesocichla,TRUE,1,1
Nesoctites,TRUE,1,1
Nesoenas,TRUE,1,1
Nesofregetta,TRUE,1,1
Nesopsar,TRUE,1,1
Nesoptilotis,TRUE,2,2
Nesospingus,TRUE,1,1
Nestor,TRUE,2,2
Netta,FALSE,12,2
Newtonia,TRUE,3,3
Nicator,TRUE,2,2
Nigrita,TRUE,4,4
Nilaus,TRUE,1,1
Niltava,FALSE,38,6
Ninox,FALSE,145,27
Nipponia,TRUE,1,1
Nisaetus,FALSE,9,7
Nomonyx,TRUE,1,1
Nonnula,TRUE,2,2
Northiella,TRUE,2,2
Notharchus,TRUE,2,2
Nothocercus,TRUE,1,1
Nothocrax,TRUE,1,1
Nothoprocta,FALSE,5,3
Nothura,TRUE,2,2
Notiochelidon,FALSE,9,4
Notiomystis,TRUE,1,1
Notopholia,TRUE,1,1
Nucifraga,TRUE,3,3
Numenius,TRUE,9,9
Numida,TRUE,1,1
Nyctanassa,TRUE,1,1
Nyctibius,TRUE,6,6
Nycticorax,TRUE,2,2
Nycticryphes,TRUE,1,1
Nyctidromus,TRUE,2,2
Nyctiphrynus,TRUE,5,5
Nyctipolus,TRUE,1,1
Nyctiprogne,TRUE,1,1
Nyctyornis,TRUE,2,2
Nymphicus,TRUE,1,1
Nystalus,TRUE,3,3
Oceanites,TRUE,2,2
Oceanodroma,FALSE,25,16
Ochetorhynchus,TRUE,4,4
Ochthoeca,FALSE,13,8
Ochthornis,TRUE,1,1
Ocreatus,TRUE,1,1
Oculocincta,TRUE,1,1
Ocyalus,TRUE,1,1
Ocyceros,FALSE,26,2
Ocyphaps,TRUE,1,1
Odontophorus,TRUE,4,4
Odontorchilus,TRUE,1,1
Oedistoma,FALSE,6,2
Oena,TRUE,1,1
Oenanthe,FALSE,66,44
Oligura,TRUE,1,1
Oncostoma,TRUE,1,1
Oneillornis,TRUE,2,2
Onychognathus,TRUE,10,10
Onychoprion,TRUE,4,4
Onychorhynchus,FALSE,7,2
Onychostruthus,TRUE,1,1
Opisthocomus,TRUE,1,1
Opisthoprora,TRUE,1,1
Oporornis,TRUE,1,1
Orchesticus,TRUE,1,1
Oreocharis,TRUE,1,1
Oreoica,TRUE,1,1
Oreolais,TRUE,3,3
Oreomanes,TRUE,1,1
Oreomystis,TRUE,1,1
Oreonympha,TRUE,1,1
Oreophasis,TRUE,1,1
Oreophilais,TRUE,1,1
Oreopholus,TRUE,1,1
Oreophylax,TRUE,1,1
Oreopsar,TRUE,1,1
Oreopsittacus,TRUE,2,2
Oreornis,TRUE,1,1
Oreortyx,TRUE,1,1
Oreoscoptes,TRUE,1,1
Oreoscopus,TRUE,1,1
Oreostruthus,TRUE,1,1
Oreothlypis,FALSE,14,4
Oreothraupis,TRUE,1,1
Oreotrochilus,FALSE,51,6
Origma,TRUE,3,3
Oriolia,TRUE,1,1
Oriolus,TRUE,6,6
Oriturus,TRUE,1,1
Ornithion,TRUE,2,2
Ornorectes,TRUE,4,4
Oroaetus,TRUE,1,1
Ortalis,TRUE,9,9
Orthogonys,TRUE,1,1
Orthonyx,TRUE,5,5
Orthopsittaca,TRUE,1,1
Orthorhyncus,TRUE,1,1
Orthotomus,TRUE,27,27
Ortygospiza,TRUE,2,2
Oryzoborus,FALSE,6,4
Otidiphaps,TRUE,1,1
Otis,TRUE,3,3
Otus,FALSE,84,20
Oxylabes,TRUE,1,1
Oxypogon,TRUE,1,1
Oxyruncus,TRUE,1,1
Oxyura,TRUE,7,7
Pachycare,TRUE,1,1
Pachycephala,FALSE,19,18
Pachycephalopsis,FALSE,44,4
Pachyornis,FALSE,10,4
Pachyptila,TRUE,7,7
Pachyramphus,TRUE,15,15
Padda,TRUE,1,1
Pagodroma,TRUE,1,1
Pagophila,TRUE,1,1
Palmeria,TRUE,1,1
Pandion,TRUE,2,2
Panterpe,TRUE,1,1
Papasula,TRUE,1,1
Parabuteo,TRUE,1,1
Paradigalla,TRUE,2,2
Paradisaea,TRUE,7,7
Paradoxornis,FALSE,42,23
Paramythia,FALSE,12,4
Pardaliparus,TRUE,8,8
Pardalotus,TRUE,3,3
Pardirallus,TRUE,3,3
Parkerthraustes,TRUE,1,1
Parkesia,TRUE,2,2
Parmoptila,TRUE,3,3
Paroaria,TRUE,7,7
Parophasma,TRUE,1,1
Paroreomyza,TRUE,1,1
Parotia,TRUE,5,5
Parus,FALSE,17,8
Parvipsitta,TRUE,2,2
Passer,TRUE,19,19
Passerculus,TRUE,1,1
Passerella,TRUE,1,1
Passerina,TRUE,7,7
Pastor,TRUE,1,1
Patagioenas,FALSE,15,14
Patagona,TRUE,1,1
Pauxi,FALSE,6,2
Pavo,TRUE,3,3
Pedionomus,TRUE,1,1
Pelagodroma,TRUE,2,2
Pelargopsis,TRUE,1,1
Pelecanoides,TRUE,4,4
Pelecanus,TRUE,10,10
Peliperdix,TRUE,6,6
Pellorneum,FALSE,14,8
Peltohyas,TRUE,1,1
Peltops,TRUE,2,2
Penelope,TRUE,12,12
Penelopides,FALSE,38,6
Penelopina,TRUE,1,1
Peneothello,FALSE,14,8
Percnostola,FALSE,51,4
Perdicula,TRUE,1,1
Perdix,TRUE,11,11
Pericrocotus,TRUE,11,11
Periparus,TRUE,9,9
Periporphyrus,TRUE,1,1
Perisoreus,TRUE,3,3
Perissocephalus,TRUE,1,1
Pernis,TRUE,2,2
Petrochelidon,FALSE,20,9
Petroica,TRUE,34,34
Petronia,TRUE,2,2
Petrophassa,FALSE,20,3
Peucaea,FALSE,13,8
Peucedramus,TRUE,1,1
Pezopetes,TRUE,1,1
Pezophaps,TRUE,1,1
Pezoporus,TRUE,3,3
Phacellodomus,TRUE,8,8
Phaenicophaeus,TRUE,2,2
Phaenicophilus,TRUE,2,2
Phaenostictus,TRUE,2,2
Phaeochroa,TRUE,1,1
Phaeomyias,TRUE,1,1
Phaeothlypis,TRUE,1,1
Phaethon,TRUE,3,3
Phaethornis,FALSE,30,29
Phaetusa,TRUE,1,1
Phainopepla,TRUE,1,1
Phainoptila,TRUE,1,1
Phalacrocorax,FALSE,40,25
Phalaenoptilus,TRUE,1,1
Phalaropus,TRUE,3,3
Phalcoboenus,FALSE,5,4
Phapitreron,TRUE,6,6
Phaps,FALSE,20,3
Pharomachrus,TRUE,5,5
Phasianus,TRUE,1,1
Phedina,TRUE,1,1
Phegornis,TRUE,1,1
Pheucticus,TRUE,5,5
Pheugopedius,TRUE,5,5
Phibalura,TRUE,1,1
Phigys,TRUE,1,1
Philemon,TRUE,28,28
Philentoma,TRUE,3,3
Philepitta,TRUE,1,1
Philesturnus,FALSE,6,2
Philetairus,TRUE,1,1
Philodice,TRUE,1,1
Philohydor,TRUE,1,1
Philortyx,TRUE,1,1
Philydor,FALSE,55,8
Phimosus,TRUE,1,1
Phlegopsis,TRUE,9,9
Phleocryptes,TRUE,1,1
Phlogophilus,TRUE,2,2
Phodilus,TRUE,1,1
Phoebastria,TRUE,4,4
Phoebetria,TRUE,2,2
Phoenicircus,TRUE,2,2
Phoeniconaias,TRUE,1,1
Phoenicoparrus,FALSE,3,2
Phoenicopterus,TRUE,3,3
Phoeniculus,TRUE,1,1
Phoenicurus,FALSE,15,14
Pholidornis,TRUE,1,1
Phonygammus,TRUE,1,1
Phragmacia,TRUE,1,1
Phrygilus,FALSE,368,10
Phylidonyris,FALSE,180,4
Phyllanthus,TRUE,3,3
Phyllastrephus,FALSE,21,19
Phyllergates,TRUE,7,7
Phyllolais,TRUE,1,1
Phyllomyias,FALSE,126,7
Phylloscartes,FALSE,24,9
Phylloscopus,FALSE,49,46
Phytotoma,FALSE,4,3
Piaya,FALSE,16,3
Pica,TRUE,6,6
Picathartes,TRUE,2,2
Picoides,FALSE,85,13
Piculus,TRUE,6,6
Picumnus,TRUE,23,23
Picus,TRUE,19,19
Piezorhina,TRUE,1,1
Pilherodius,TRUE,1,1
Pinarochroa,TRUE,1,1
Pinaroloxias,TRUE,1,1
Pinicola,FALSE,85,7
Pionites,TRUE,2,2
Pionopsitta,TRUE,1,1
Pionus,TRUE,20,20
Pipile,FALSE,5,4
Pipilo,TRUE,4,4
Pipra,FALSE,13,9
Pipraeidea,TRUE,2,2
Pipreola,TRUE,9,9
Piprites,TRUE,2,2
Piranga,TRUE,9,9
Pitangus,TRUE,1,1
Pithecophaga,TRUE,1,1
Pithys,TRUE,2,2
Pitohui,FALSE,877,20
Pitta,FALSE,49,15
Pittasoma,TRUE,2,2
Pityriasis,TRUE,1,1
Platalea,FALSE,8,7
Platycercus,TRUE,7,7
Platylophus,TRUE,1,1
Platyrinchus,TRUE,7,7
Platysmurus,TRUE,1,1
Platyspiza,TRUE,1,1
Platysteira,FALSE,10,9
Plectorhyncha,TRUE,1,1
Plectrophenax,TRUE,3,3
Plegadis,TRUE,3,3
Plocepasser,TRUE,1,1
Ploceus,FALSE,103,45
Pluvialis,TRUE,5,5
Pluvianellus,TRUE,1,1
Pluvianus,TRUE,1,1
Pnoepyga,TRUE,6,6
Podager,TRUE,1,1
Podargus,TRUE,3,3
Podica,TRUE,1,1
Podiceps,FALSE,7,6
Podilymbus,TRUE,1,1
Podoces,TRUE,2,2
Poecile,FALSE,48,37
Poecilodryas,FALSE,37,8
Poecilotriccus,FALSE,33,8
Poeoptera,FALSE,5,4
Poephila,TRUE,7,7
Pogoniulus,TRUE,20,20
Pogonocichla,TRUE,1,1
Pogonotriccus,FALSE,10,2
Poicephalus,TRUE,13,13
Polemaetus,TRUE,1,1
Polihierax,FALSE,85,3
Poliocephalus,TRUE,1,1
Poliocrania,TRUE,3,3
Poliolais,TRUE,2,2
Polioptila,TRUE,45,45
Polioxolmis,TRUE,1,1
Polyboroides,TRUE,1,1
Polyonymus,TRUE,1,1
Polyplancta,TRUE,1,1
Polyplectron,TRUE,8,8
Polysticta,TRUE,1,1
Polystictus,TRUE,2,2
Polytelis,FALSE,8,2
Polytmus,TRUE,3,3
Pomarea,FALSE,33,11
Pomatorhinus,FALSE,59,38
Pomatostomus,FALSE,4,3
Poodytes,FALSE,25,6
Pooecetes,TRUE,1,1
Poospiza,FALSE,36,13
Porphyrio,TRUE,7,7
Porphyrolaema,TRUE,1,1
Porphyrospiza,TRUE,1,1
Porzana,FALSE,101,11
Premnoplex,TRUE,2,2
Premnornis,TRUE,1,1
Primolius,TRUE,3,3
Prinia,FALSE,34,33
Prioniturus,FALSE,44,12
Prionochilus,FALSE,14,10
Prionodura,TRUE,1,1
Prionops,TRUE,3,3
Priotelus,TRUE,2,2
Probosciger,TRUE,1,1
Procarduelis,TRUE,1,1
Procellaria,TRUE,4,4
Procnias,TRUE,4,4
Prodotiscus,TRUE,1,1
Progne,TRUE,10,10
Promerops,TRUE,2,2
Prosobonia,TRUE,2,2
Prosopeia,TRUE,2,2
Prosthemadera,TRUE,1,1
Protonotaria,TRUE,1,1
Prunella,TRUE,22,22
Psalidoprocne,TRUE,11,11
Psaltria,TRUE,1,1
Psaltriparus,TRUE,3,3
Psarisomus,TRUE,1,1
Psarocolius,TRUE,19,19
Pselliophorus,TRUE,2,2
Psephotellus,TRUE,3,3
Psephotus,TRUE,1,1
Pseudasthenes,TRUE,4,4
Pseudelaenia,TRUE,1,1
Pseudeos,FALSE,9,2
Pseudhirundo,TRUE,1,1
Pseudoalcippe,TRUE,2,2
Pseudobias,TRUE,1,1
Pseudobulweria,TRUE,6,6
Pseudocalyptomena,TRUE,1,1
Pseudochelidon,TRUE,1,1
Pseudocolaptes,TRUE,4,4
Pseudocolopteryx,TRUE,5,5
Pseudoleistes,TRUE,2,2
Pseudonestor,TRUE,1,1
Pseudonigrita,TRUE,1,1
Pseudopipra,TRUE,1,1
Pseudopodoces,TRUE,1,1
Pseudorectes,TRUE,6,6
Pseudoscops,TRUE,1,1
Pseudoseisura,TRUE,3,3
Pseudotriccus,FALSE,4,2
Psilopogon,FALSE,25,9
Psilopsiagon,FALSE,8,3
Psilorhamphus,TRUE,1,1
Psilorhinus,TRUE,1,1
Psiloscops,TRUE,1,1
Psittacara,TRUE,10,10
Psittacella,TRUE,2,2
Psittacula,FALSE,13,9
Psittaculirostris,TRUE,4,4
Psittacus,TRUE,3,3
Psitteuteles,FALSE,48,3
Psittinus,TRUE,1,1
Psittiparus,FALSE,5,4
Psittrichas,TRUE,1,1
Psophia,TRUE,3,3
Psophocichla,TRUE,3,3
Psophodes,TRUE,7,7
Pteridophora,TRUE,1,1
Pternistis,FALSE,48,24
Pterocles,FALSE,8,7
Pterodroma,TRUE,25,25
Pteroglossus,FALSE,25,24
Pteronetta,TRUE,1,1
Pterophanes,TRUE,1,1
Pteroptochos,FALSE,3,2
Pteruthius,TRUE,19,19
Ptilinopus,FALSE,50,46
Ptilocichla,TRUE,3,3
Ptilogonys,TRUE,2,2
Ptilonorhynchus,TRUE,2,2
Ptilopachus,TRUE,2,2
Ptiloprora,TRUE,3,3
Ptilopsis,TRUE,2,2
Ptiloris,FALSE,11,4
Ptilorrhoa,TRUE,3,3
Ptilostomus,TRUE,1,1
Ptilotula,FALSE,6,3
Ptiloxena,TRUE,1,1
Ptychoramphus,TRUE,1,1
Ptyonoprogne,TRUE,3,3
Ptyrticus,TRUE,2,2
Pucrasia,TRUE,1,1
Puffinus,TRUE,25,25
Pulsatrix,TRUE,2,2
Purnella,TRUE,1,1
Purpureicephalus,TRUE,1,1
Pycnonotus,FALSE,132,66
Pycnoptilus,TRUE,1,1
Pycnopygius,TRUE,2,2
Pygarrhichas,TRUE,1,1
Pygiptila,TRUE,1,1
Pygochelidon,TRUE,1,1
Pygoscelis,TRUE,3,3
Pyrenestes,TRUE,3,3
Pyrgilauda,TRUE,3,3
Pyriglena,TRUE,3,3
Pyrilia,FALSE,8,7
Pyrocephalus,TRUE,11,11
Pyroderus,TRUE,1,1
Pyrrhocoma,TRUE,1,1
Pyrrhocorax,TRUE,2,2
Pyrrholaemus,TRUE,2,2
Pyrrhomyias,TRUE,1,1
Pyrrhoplectes,TRUE,1,1
Pyrrhula,TRUE,19,19
Pyrrhura,TRUE,31,31
Pyrrhurus,TRUE,1,1
Pytilia,FALSE,30,9
Quelea,TRUE,1,1
Querula,TRUE,1,1
Quiscalus,TRUE,10,10
Rallina,FALSE,102,3
Rallus,FALSE,70,23
Ramphastos,TRUE,17,17
Ramphocaenus,TRUE,10,10
Ramphocelus,TRUE,11,11
Ramphocinclus,TRUE,1,1
Ramphodon,TRUE,1,1
Ramphomicron,TRUE,1,1
Ramphotrigon,FALSE,4,3
Ramsayornis,TRUE,2,2
Raphidura,TRUE,1,1
Raphus,TRUE,1,1
Recurvirostra,TRUE,3,3
Reinwardtipicus,TRUE,1,1
Reinwardtoena,TRUE,2,2
Remiz,TRUE,10,10
Rhabdornis,TRUE,2,2
Rhagologus,TRUE,1,1
Rhea,TRUE,2,2
Rhegmatorhina,TRUE,5,5
Rheinardia,TRUE,1,1
Rhinocrypta,TRUE,1,1
Rhinomyias,FALSE,379,6
Rhinoplax,TRUE,1,1
Rhinopomastus,TRUE,1,1
Rhinoptilus,FALSE,10,2
Rhinortha,TRUE,1,1
Rhipidura,TRUE,36,36
Rhodinocichla,TRUE,1,1
Rhodonessa,TRUE,1,1
Rhodopechys,TRUE,1,1
Rhodophoneus,TRUE,1,1
Rhodopis,TRUE,1,1
Rhodospingus,TRUE,1,1
Rhodospiza,TRUE,1,1
Rhodostethia,TRUE,1,1
Rhodothraupis,TRUE,1,1
Rhopias,TRUE,1,1
Rhopocichla,TRUE,1,1
Rhopophilus,TRUE,2,2
Rhynchocyclus,TRUE,3,3
Rhynchopsitta,TRUE,2,2
Rhynchortyx,TRUE,1,1
Rhynchospiza,FALSE,4,2
Rhynchostruthus,TRUE,1,1
Rhynchotus,TRUE,1,1
Rhynochetos,TRUE,1,1
Rhyticeros,FALSE,7,6
Rhytipterna,FALSE,5,3
Ridgwayia,TRUE,1,1
Rigidipenna,TRUE,1,1
Rimator,TRUE,2,2
Riparia,FALSE,43,11
Rissa,TRUE,2,2
Robsonius,FALSE,80,2
Rollandia,TRUE,1,1
Rollulus,TRUE,1,1
Roraimia,TRUE,1,1
Rostratula,TRUE,2,2
Rostrhamus,TRUE,1,1
Rowettia,TRUE,1,1
Rupicola,TRUE,2,2
Rynchops,TRUE,1,1
Sagittarius,TRUE,1,1
Sakesphorus,FALSE,55,4
Salpinctes,TRUE,1,1
Salpornis,TRUE,2,2
Saltator,FALSE,368,19
Saltatricula,TRUE,1,1
Sapayoa,TRUE,1,1
Sappho,TRUE,1,1
Sarcogyps,TRUE,1,1
Sarcophanops,TRUE,1,1
Sarcops,TRUE,3,3
Sarcoramphus,TRUE,1,1
Sarkidiornis,TRUE,1,1
Saroglossa,TRUE,1,1
Sarothrura,FALSE,8,3
Sasia,TRUE,5,5
Satrapa,TRUE,1,1
Saurothera,TRUE,4,4
Saxicola,FALSE,203,25
Saxicoloides,TRUE,1,1
Sayornis,TRUE,5,5
Scaphidura,TRUE,1,1
Scelorchilus,TRUE,1,1
Scenopoeetes,TRUE,1,1
Scepomycter,TRUE,2,2
Schetba,TRUE,1,1
Schiffornis,TRUE,3,3
Schistes,TRUE,1,1
Schistochlamys,TRUE,2,2
Schistolais,TRUE,3,3
Schizoeaca,FALSE,13,5
Schoeniclus,FALSE,26,10
Schoenicola,FALSE,40,2
Schoeniophylax,TRUE,1,1
Schoeniparus,FALSE,11,3
Sciaphylax,TRUE,1,1
Scissirostrum,TRUE,1,1
Sclateria,TRUE,1,1
Scleroptila,FALSE,9,8
Sclerurus,TRUE,12,12
Scolopax,TRUE,3,3
Scopus,TRUE,1,1
Scotocerca,TRUE,2,2
Scotopelia,TRUE,2,2
Scytalopus,TRUE,42,42
Seicercus,TRUE,3,3
Seiurus,TRUE,1,1
Selasphorus,FALSE,9,7
Selenidera,FALSE,13,7
Seleucidis,TRUE,1,1
Semioptera,TRUE,1,1
Semnornis,TRUE,2,2
Sephanoides,TRUE,2,2
Sericornis,FALSE,13,9
Sericossypha,TRUE,1,1
Sericulus,TRUE,4,4
Serilophus,TRUE,1,1
Serinus,FALSE,62,15
Serpophaga,FALSE,30,6
Setopagis,FALSE,11,3
Setophaga,TRUE,37,37
Setornis,TRUE,1,1
Sheppardia,FALSE,270,12
Sholicola,TRUE,3,3
Sialia,TRUE,3,3
Sibia,FALSE,6,3
Sibirionetta,TRUE,1,1
Sicalis,TRUE,11,11
Silvicultrix,FALSE,5,4
Simoxenops,TRUE,1,1
Sinosuthora,FALSE,16,7
Siphonorhis,TRUE,1,1
Sipia,TRUE,1,1
Sipodotus,TRUE,1,1
Siptornis,TRUE,1,1
Sirystes,TRUE,1,1
Sitta,TRUE,33,33
Sittasomus,TRUE,3,3
Sittiparus,TRUE,11,11
Siva,TRUE,6,6
Smicrornis,TRUE,1,1
Smithornis,TRUE,2,2
Snowornis,TRUE,2,2
Somateria,TRUE,4,4
Spartonoica,TRUE,1,1
Spatula,FALSE,6,3
Speculanas,TRUE,1,1
Speculipastor,TRUE,1,1
Speirops,FALSE,12,3
Spelaeornis,TRUE,5,5
Spermestes,TRUE,7,7
Spermophaga,TRUE,4,4
Sphecotheres,TRUE,6,6
Spheniscus,TRUE,4,4
Sphenocichla,TRUE,1,1
Sphenoeacus,TRUE,1,1
Sphyrapicus,TRUE,4,4
Spilopelia,TRUE,2,2
Spiloptila,TRUE,1,1
Spilornis,TRUE,6,6
Spindalis,TRUE,2,2
Spinus,TRUE,27,27
Spiza,TRUE,1,1
Spizaetus,FALSE,40,7
Spizella,TRUE,7,7
Spizelloides,TRUE,1,1
Spiziapteryx,TRUE,1,1
Spizixos,TRUE,4,4
Spizocorys,TRUE,2,2
Sporophila,FALSE,38,33
Sporopipes,TRUE,2,2
Spreo,TRUE,1,1
Stachyris,FALSE,492,21
Stactolaema,FALSE,5,3
Stagonopleura,FALSE,4,3
Staphida,TRUE,2,2
Steatornis,TRUE,1,1
Stelgidillas,TRUE,1,1
Stelgidopteryx,TRUE,2,2
Stenostira,TRUE,1,1
Stephanoaetus,TRUE,1,1
Stephanophorus,TRUE,1,1
Stephanoxis,TRUE,1,1
Stercorarius,TRUE,7,7
Sterna,TRUE,7,7
Sternula,TRUE,5,5
Sterrhoptilus,FALSE,6,3
Stigmatura,TRUE,1,1
Stiltia,TRUE,1,1
Stiphrornis,TRUE,8,8
Stipiturus,TRUE,3,3
Stizoptera,TRUE,1,1
Stizorhina,FALSE,3,2
Stomiopera,TRUE,2,2
Strepera,TRUE,3,3
Streptocitta,TRUE,1,1
Streptopelia,FALSE,18,14
Streptoprocne,TRUE,1,1
Stresemannia,TRUE,1,1
Strigops,TRUE,1,1
Strix,FALSE,16,15
Struthidea,TRUE,1,1
Struthio,TRUE,1,1
Sturnella,FALSE,8,7
Sturnia,TRUE,4,4
Sturnus,FALSE,27,8
Stymphalornis,TRUE,2,2
Sublegatus,TRUE,3,3
Sugomel,TRUE,1,1
Suiriri,FALSE,340,4
Sula,TRUE,6,6
Surnia,TRUE,1,1
Surniculus,TRUE,2,2
Suthora,FALSE,8,6
Swynnertonia,TRUE,1,1
Sylvia,FALSE,50,30
Sylvietta,TRUE,10,10
Sylviorthorhynchus,TRUE,1,1
Sylviparus,TRUE,2,2
Syma,TRUE,2,2
Symposiachrus,FALSE,20,19
Synallaxis,TRUE,34,34
Syndactyla,FALSE,8,7
Synthliboramphus,TRUE,4,4
Syrigma,TRUE,1,1
Syrmaticus,TRUE,5,5
Syrrhaptes,TRUE,1,1
Systellura,TRUE,1,1
Tachornis,TRUE,1,1
Tachuris,TRUE,1,1
Tachybaptus,TRUE,3,3
Tachycineta,TRUE,9,9
Tachyeres,TRUE,4,4
Tachymarptis,FALSE,19,2
Tachyphonus,FALSE,29,8
Tadorna,FALSE,7,6
Taeniopygia,FALSE,18,5
Taeniotriccus,TRUE,1,1
Talegalla,TRUE,2,2
Tangara,FALSE,368,49
Tanygnathus,FALSE,376,3
Tanysiptera,TRUE,4,4
Tapera,TRUE,1,1
Taphrolesbia,TRUE,1,1
Taphrospilus,TRUE,1,1
Taraba,TRUE,3,3
Tarphonomus,TRUE,2,2
Tarsiger,FALSE,8,6
Tauraco,FALSE,36,29
Tchagra,TRUE,2,2
Teledromas,TRUE,1,1
Telespiza,FALSE,15,2
Telophorus,TRUE,2,2
Temnurus,TRUE,1,1
Tephrodornis,TRUE,3,3
Terathopius,TRUE,1,1
Terenotriccus,TRUE,1,1
Terenura,FALSE,254,6
Teretistris,TRUE,1,1
Terpsiphone,TRUE,39,39
Tersina,TRUE,1,1
Tesia,TRUE,2,2
Tetrao,TRUE,2,2
Tetraogallus,TRUE,8,8
Tetraophasis,TRUE,2,2
Tetrastes,TRUE,2,2
Tetrax,TRUE,1,1
Thalassarche,FALSE,16,15
Thalasseus,TRUE,13,13
Thalassoica,TRUE,1,1
Thalurania,FALSE,17,7
Thamnistes,TRUE,1,1
Thamnolaea,TRUE,1,1
Thamnomanes,TRUE,4,4
Thamnophilus,FALSE,34,33
Thamnornis,TRUE,1,1
Thapsinillas,TRUE,1,1
Thaumastura,TRUE,1,1
Thectocercus,TRUE,1,1
Theristicus,TRUE,3,3
Thescelocichla,TRUE,1,1
Thinocorus,TRUE,2,2
Thinornis,TRUE,2,2
Thlypopsis,FALSE,7,5
Thraupis,FALSE,103,7
Threnetes,TRUE,3,3
Threskiornis,TRUE,1,1
Thripadectes,TRUE,9,9
Thripophaga,FALSE,21,3
Thryomanes,TRUE,1,1
Thryophilus,FALSE,50,6
Thryorchilus,TRUE,1,1
Thryothorus,FALSE,87,29
Tiaris,FALSE,28,4
Tichodroma,TRUE,1,1
Tickellia,TRUE,1,1
Tigrisoma,TRUE,2,2
Tijuca,TRUE,1,1
Tilmatura,TRUE,1,1
Timalia,TRUE,1,1
Timeliopsis,TRUE,2,2
Tinamotis,TRUE,2,2
Tinamus,FALSE,24,4
Tityra,TRUE,3,3
Tmetothylacus,TRUE,1,1
Tockus,FALSE,13,12
Todiramphus,FALSE,60,57
Todirostrum,FALSE,11,4
Todus,FALSE,7,5
Tolmomyias,TRUE,5,5
Topaza,TRUE,2,2
Torgos,TRUE,1,1
Torreornis,TRUE,1,1
Touit,TRUE,2,2
Toxorhamphus,FALSE,6,2
Toxostoma,TRUE,10,10
Trachyphonus,FALSE,163,5
Tragopan,TRUE,4,4
Tregellasia,TRUE,7,7
Treron,TRUE,12,12
Trichastoma,FALSE,12,5
Trichodere,TRUE,1,1
Trichoglossus,FALSE,20,18
Tricholaema,FALSE,9,4
Tricholestes,TRUE,2,2
Trichothraupis,TRUE,1,1
Triclaria,TRUE,1,1
Trigonoceps,TRUE,1,1
Tringa,TRUE,9,9
Trochalopteron,FALSE,95,36
Trochilus,TRUE,2,2
Trochocercus,TRUE,2,2
Troglodytes,FALSE,12,9
Trogon,TRUE,18,18
Tropicoperdix,TRUE,3,3
Tropicranus,TRUE,2,2
Trugon,TRUE,1,1
Tumbezia,TRUE,1,1
Turacoena,TRUE,1,1
Turdinus,FALSE,70,3
Turdoides,FALSE,45,21
Turdus,FALSE,53,49
Turnagra,TRUE,4,4
Turnix,FALSE,268,4
Turtur,TRUE,5,5
Tylas,TRUE,1,1
Tympanuchus,TRUE,4,4
Tyranneutes,TRUE,2,2
Tyrannopsis,TRUE,1,1
Tyrannulus,TRUE,1,1
Tyrannus,FALSE,16,14
Tyto,TRUE,32,32
Upucerthia,TRUE,4,4
Upupa,TRUE,1,1
Uraeginthus,TRUE,3,3
Uragus,TRUE,1,1
Uria,TRUE,5,5
Urochroa,TRUE,1,1
Urocissa,TRUE,3,3
Urocolius,FALSE,5,2
Urocynchramus,TRUE,1,1
Urodynamis,TRUE,1,1
Urolais,TRUE,1,1
Uromyias,TRUE,1,1
Uropelia,TRUE,1,1
Uropsalis,FALSE,10,3
Uropsila,FALSE,4294,3
Urorhipis,TRUE,1,1
Urosphena,TRUE,2,2
Urosticte,TRUE,2,2
Urothraupis,TRUE,1,1
Urotriorchis,TRUE,1,1
Vanellus,FALSE,41,8
Vanga,TRUE,1,1
Vauriella,TRUE,1,1
Veniliornis,TRUE,13,13
Vermivora,TRUE,2,2
Vestiaria,TRUE,1,1
Vidua,TRUE,13,13
Vini,TRUE,2,2
Vireo,FALSE,42,36
Vireolanius,TRUE,5,5
Volatinia,TRUE,1,1
Vultur,TRUE,1,1
Wetmorethraupis,TRUE,1,1
Woodfordia,TRUE,1,1
Xanthocephalus,TRUE,1,1
Xanthomixis,FALSE,11090,5
Xanthopsar,TRUE,1,1
Xanthotis,FALSE,59,4
Xema,TRUE,1,1
Xenerpestes,TRUE,2,2
Xenicus,TRUE,1,1
Xenodacnis,TRUE,1,1
Xenoligea,TRUE,1,1
Xenoperdix,TRUE,2,2
Xenopipo,TRUE,2,2
Xenopirostris,TRUE,3,3
Xenops,TRUE,6,6
Xenopsaris,TRUE,1,1
Xenornis,TRUE,1,1
Xenospingus,TRUE,1,1
Xenospiza,TRUE,1,1
Xenotriccus,TRUE,2,2
Xenus,TRUE,1,1
Xiphidiopicus,TRUE,1,1
Xiphirhynchus,TRUE,2,2
Xiphocolaptes,TRUE,5,5
Xipholena,TRUE,3,3
Xiphorhynchus,FALSE,75,49
Xolmis,FALSE,16,6
Yuhina,FALSE,5307,10
Yungipicus,FALSE,4,3
Zanda,TRUE,3,3
Zaratornis,TRUE,1,1
Zavattariornis,TRUE,1,1
Zebrilus,TRUE,1,1
Zeledonia,TRUE,1,1
Zenaida,TRUE,6,6
Zentrygon,TRUE,7,7
Zimmerius,TRUE,17,17
Zonotrichia,TRUE,10,10
Zoothera,FALSE,4294,25
Zosterops,FALSE,71,56
